ID,対象語,品詞,中国語,ピンイン,日本語,レベル,使っている単語
a1-1,不,副詞,今天也不冷。,Jīntiān yě bù lěng.,今日も寒くないですね。,1,不 也 冷
a1-2,不,副詞,我不喝咖啡，我只喝茶。,"Wǒ bù hē kāfēi, wǒ zhǐ hē chá.",コーヒーは飲みません。お茶だけです。,2,不 只 喝
a1-3,不,副詞,我昨天没去，明天也不去。,"Wǒ zuótiān méi qù, míngtiān yě bú qù.",昨日は行かなかったし、明日も行きません。,2,不 也 没 去
a2-1,也,副詞,我也很忙。,Wǒ yě hěn máng.,私も忙しいです。,1,也 很 忙
a2-2,也,副詞,这家店的绿茶也很好喝。,Zhè jiā diàn de lǜchá yě hěn hǎohē.,この店の緑茶もおいしいです。,2,也 很 好喝
a2-3,也,副詞,奈良的秋天很舒服，春天也很漂亮。,"Nàiliáng de qiūtiān hěn shūfu, chūntiān yě hěn piàoliang.",奈良の秋は過ごしやすいし、春もきれいです。,3,也 很 漂亮 舒服
a3-1,都,副詞,我们都很累。,Wǒmen dōu hěn lèi.,私たちはみんな疲れています。,1,都 很 累
a3-2,都,副詞,这些茶都是我自己种的。,Zhèxiē chá dōu shì wǒ zìjǐ zhòng de.,このお茶は全部、私が自分で育てたものです。,2,都 是
a3-3,都,副詞,这几天都特别热，大家都不想出门。,"Zhè jǐ tiān dōu tèbié rè, dàjiā dōu bù xiǎng chūmén.",ここ数日ずっと暑くて、みんな出かけたがりません。,3,不 都 特别 热 出门 想
a4-1,很,副詞,这个很便宜。,Zhège hěn piányi.,これは安いです。,1,很 便宜
a4-2,很,副詞,奈良的鹿很多，也很可爱。,"Nàiliáng de lù hěn duō, yě hěn kě'ài.",奈良は鹿が多くて、かわいいです。,2,也 很 多 可爱
a4-3,很,副詞,我的茶园不大，但是很安静，也很干净。,"Wǒ de cháyuán bú dà, dànshì hěn ānjìng, yě hěn gānjìng.",私の茶畑は大きくないけれど、静かできれいです。,3,不 也 很 大 干净 安静
a5-1,就,副詞,他八点就来了。,Tā bā diǎn jiù lái le.,彼は8時にはもう来ていました。,1,就 点 来
a5-2,就,副詞,坐地铁二十分钟就到了，很方便。,"Zuò dìtiě èrshí fēnzhōng jiù dào le, hěn fāngbiàn.",地下鉄で20分で着くので、便利です。,2,很 就 方便 到 坐
a5-3,就,副詞,他六点就来了，我八点才到。,"Tā liù diǎn jiù lái le, wǒ bā diǎn cái dào.",彼は6時にはもう来ていたのに、私は8時にやっと着きました。,2,才 就 点 到 来
a6-1,还,副詞,茶还很热。,Chá hái hěn rè.,お茶はまだ熱いです。,1,很 还 热 还
a6-2,还,副詞,已经十一点了，你还不睡吗？,"Yǐjīng shíyī diǎn le, nǐ hái bú shuì ma?",もう11時なのに、まだ寝ないの？,2,不 已经 还 点 睡 还
a6-3,还,副詞,这家的菜很好吃，价格还很便宜。,"Zhè jiā de cài hěn hǎochī, jiàgé hái hěn piányi.",この店の料理はおいしいうえに、値段も安いです。,2,很 还 便宜 好吃 还
a7-1,没,副詞,我今天没喝茶。,Wǒ jīntiān méi hē chá.,今日はお茶を飲んでいません。,1,没 喝
a7-2,没,副詞,昨天我没去，因为太累了。,"Zuótiān wǒ méi qù, yīnwèi tài lèi le.",昨日は疲れすぎていて、行きませんでした。,2,没 太 累 去
a7-3,没,副詞,我平时不喝酒，昨天也没喝。,"Wǒ píngshí bù hē jiǔ, zuótiān yě méi hē.",普段お酒は飲まないし、昨日も飲みませんでした。,2,不 也 没 喝
a8-1,太,副詞,这件衣服太贵了！,Zhè jiàn yīfu tài guì le!,この服は高すぎます！,1,太 贵
a8-2,太,副詞,今天太热了，我们别出去了。,"Jīntiān tài rè le, wǒmen bié chūqu le.",今日は暑すぎるから、出かけるのはやめよう。,2,别 太 热 出去
a8-3,太,副詞,这家的小笼包太好吃了，我还想再吃。,"Zhè jiā de xiǎolóngbāo tài hǎochī le, wǒ hái xiǎng zài chī.",この店の小籠包はおいしすぎて、もっと食べたいです。,3,再 还 太 好吃 还 想 吃
a9-1,真,副詞,这里真安静。,Zhèlǐ zhēn ānjìng.,ここは本当に静かですね。,1,真 安静
a9-2,真,副詞,你妈妈做的菜真好吃！,Nǐ māma zuò de cài zhēn hǎochī!,お母さんの料理、本当においしいですね！,2,真 好吃 做
a9-3,真,副詞,京都的红叶真漂亮，你一定要来看看。,"Jīngdū de hóngyè zhēn piàoliang, nǐ yídìng yào lái kànkan.",京都の紅葉は本当にきれいなので、ぜひ見に来てください。,3,一定 真 漂亮 来 要
a10-1,再,副詞,明天再来吧。,Míngtiān zài lái ba.,また明日来ましょう。,1,再 来
a10-2,再,副詞,太贵了，我再看看别的吧。,"Tài guì le, wǒ zài kànkan biéde ba.",高すぎるので、ほかのも見てみます。,2,再 太 贵
a10-3,再,副詞,他昨天又来了，说明天还要再来。,"Tā zuótiān yòu lái le, shuō míngtiān hái yào zài lái.",彼は昨日また来て、明日もまた来ると言っています。,2,再 又 还 还 来 说 要
a11-1,才,副詞,我十二点才睡。,Wǒ shí'èr diǎn cái shuì.,夜12時になってやっと寝ました。,1,才 点 睡
a11-2,才,副詞,路上车太多，我们九点才到。,"Lùshang chē tài duō, wǒmen jiǔ diǎn cái dào.",道が混んでいて、9時になってやっと着きました。,2,才 多 太 点 到
a11-3,才,副詞,别人五点就下班了，我八点才走。,"Biérén wǔ diǎn jiù xiàbān le, wǒ bā diǎn cái zǒu.",ほかの人は5時にもう退勤したのに、私は8時にやっと帰れました。,2,才 就 点 走 下班
a12-1,已经,副詞,茶已经凉了。,Chá yǐjīng liáng le.,お茶はもう冷めてしまいました。,1,已经 凉
a12-2,已经,副詞,我们都已经吃饱了，谢谢！,"Wǒmen dōu yǐjīng chībǎo le, xièxie!",もうみんなお腹いっぱいです、ありがとう！,2,已经 都 谢谢
a12-3,已经,副詞,已经十月了，天气还是很热。,"Yǐjīng shíyuè le, tiānqì háishi hěn rè.",もう10月なのに、まだ暑いです。,2,已经 还是 很 热
a13-1,一起,副詞,一起喝茶吧。,Yìqǐ hē chá ba.,一緒にお茶を飲みましょう。,1,一起 喝
a13-2,一起,副詞,周末我跟朋友一起去爬山。,Zhōumò wǒ gēn péngyou yìqǐ qù páshān.,週末は友だちと一緒に山登りに行きます。,2,一起 跟 去
a13-3,一起,副詞,我们一起去吃火锅吧，那家又便宜又好吃。,"Wǒmen yìqǐ qù chī huǒguō ba, nà jiā yòu piányi yòu hǎochī.",一緒に火鍋を食べに行こうよ。あの店は安くておいしいから。,3,一起 又 便宜 好吃 去 吃
a14-1,先,副詞,你先坐吧。,Nǐ xiān zuò ba.,先に座ってください。,1,先 坐
a14-2,先,副詞,我们先喝杯茶，再去看茶园。,"Wǒmen xiān hē bēi chá, zài qù kàn cháyuán.",まずお茶を一杯飲んでから、茶畑を見に行きましょう。,2,再 先 看 喝 去
a14-3,先,副詞,外面太冷了，你先进来坐一下吧。,"Wàimiàn tài lěng le, nǐ xiān jìnlai zuò yíxià ba.",外は寒すぎるから、先に入って座ってください。,2,先 太 冷 进来 坐
a15-1,只,副詞,我只喝绿茶。,Wǒ zhǐ hē lǜchá.,緑茶しか飲みません。,1,只 喝
a15-2,只,副詞,这家店只卖茶，不卖咖啡。,"Zhè jiā diàn zhǐ mài chá, bú mài kāfēi.",この店はお茶だけで、コーヒーは売っていません。,2,不 只 卖
a15-3,只,副詞,我们的茶园很小，只有两个人工作。,"Wǒmen de cháyuán hěn xiǎo, zhǐ yǒu liǎng gè rén gōngzuò.",うちの茶畑は小さくて、働いているのは2人だけです。,3,只 很 小 有 工作
a16-1,又,副詞,又下雨了。,Yòu xiàyǔ le.,また雨が降ってきました。,1,又 下雨
a16-2,又,副詞,这个月的电费又贵了。,Zhège yuè de diànfèi yòu guì le.,今月の電気代がまた高くなりました。,2,又 贵
a16-3,又,副詞,我上周去过，今天又去了，下周还想再去。,"Wǒ shàngzhōu qù guo, jīntiān yòu qù le, xiàzhōu hái xiǎng zài qù.",先週行って、今日もまた行ったけど、来週もまた行きたいです。,3,再 又 还 过 还 去 想
a17-1,最,副詞,春天最舒服。,Chūntiān zuì shūfu.,春が一番過ごしやすいです。,1,最 舒服
a17-2,最,副詞,我最喜欢喝奈良的绿茶。,Wǒ zuì xǐhuan hē Nàiliáng de lǜchá.,奈良の緑茶を飲むのが一番好きです。,2,最 喜欢 喝
a17-3,最,副詞,这三家店里，那家最近，也最便宜。,"Zhè sān jiā diàn lǐ, nà jiā zuì jìn, yě zuì piányi.",この3軒の中では、あの店が一番近くて、一番安いです。,2,最 也 近 便宜
a18-1,可能,副詞,他可能很忙。,Tā kěnéng hěn máng.,彼はたぶん忙しいのでしょう。,1,可能 很 忙
a18-2,可能,副詞,明天可能会下雨，你带伞吧。,"Míngtiān kěnéng huì xiàyǔ, nǐ dài sǎn ba.",明日は雨かもしれないから、傘を持っていってね。,2,可能 会 下雨 带
a18-3,可能,副詞,这条路可能有点儿远，我们还是打车吧。,"Zhè tiáo lù kěnéng yǒudiǎnr yuǎn, wǒmen háishi dǎchē ba.",この道はちょっと遠いかもしれないから、やっぱりタクシーにしましょう。,3,可能 有点儿 还是 远 打车
a19-1,一定,副詞,你一定很累吧。,Nǐ yídìng hěn lèi ba.,きっとお疲れでしょう。,1,一定 很 累
a19-2,一定,副詞,下次来奈良，一定要喝我们的茶。,"Xiàcì lái Nàiliáng, yídìng yào hē wǒmen de chá.",次に奈良に来たら、ぜひうちのお茶を飲んでください。,2,一定 喝 来 要
a19-3,一定,副詞,贵的茶不一定好喝，便宜的也有好的。,"Guì de chá bù yídìng hǎohē, piányi de yě yǒu hǎo de.",高いお茶がおいしいとは限らないし、安いものにもいいものがあります。,3,不 一定 也 好 好喝 贵 便宜 有
a20-1,别,副詞,别着急，慢慢来。,"Bié zháojí, mànmàn lái.",焦らないで、ゆっくりでいいですよ。,1,别 慢慢 着急 来
a20-2,别,副詞,这杯茶很烫，别马上喝。,"Zhè bēi chá hěn tàng, bié mǎshàng hē.",このお茶は熱いから、すぐに飲まないでね。,2,别 马上 很 烫 喝
a20-3,别,副詞,外面很冷，别忘了带外套。,"Wàimiàn hěn lěng, bié wàng le dài wàitào.",外は寒いから、上着を忘れないでね。,2,别 很 冷 忘 带
a21-1,马上,副詞,菜马上就好。,Cài mǎshàng jiù hǎo.,料理はすぐにできます。,1,马上 好 就
a21-2,马上,副詞,出租车马上就到，你别着急。,"Chūzūchē mǎshàng jiù dào, nǐ bié zháojí.",タクシーはもうすぐ来るから、焦らないで。,2,别 马上 就 着急 到
a21-3,马上,副詞,风太大了，我们马上回酒店吧。,"Fēng tài dà le, wǒmen mǎshàng huí jiǔdiàn ba.",風が強すぎるから、すぐホテルに戻りましょう。,2,马上 太 大 回
a22-1,有点儿,副詞,这个有点儿贵。,Zhège yǒudiǎnr guì.,これはちょっと高いですね。,1,有点儿 贵
a22-2,有点儿,副詞,今天有点儿冷，我想喝点儿热的。,"Jīntiān yǒudiǎnr lěng, wǒ xiǎng hē diǎnr rè de.",今日はちょっと寒いので、温かいものが飲みたいです。,2,有点儿 热 冷 喝 想
a22-3,有点儿,副詞,这件有点儿大，有没有小一点儿的？,"Zhè jiàn yǒudiǎnr dà, yǒu méiyǒu xiǎo yìdiǎnr de?",これはちょっと大きいです。もう少し小さいのはありますか？,3,有点儿 没有 大 小 有 没有
a23-1,在,副詞,他在做饭。,Tā zài zuò fàn.,彼は料理をしています。,1,在 在 做
a23-2,在,副詞,我在炒茶，你等我一下。,"Wǒ zài chǎo chá, nǐ děng wǒ yíxià.",今お茶を炒っているので、ちょっと待ってください。,2,在 在 等
a23-3,在,副詞,外面在下大雨，路上也很滑。,"Wàimiàn zài xià dàyǔ, lùshang yě hěn huá.",外は大雨が降っていて、道も滑りやすいです。,2,也 在 很 在 下
a24-1,正在,副詞,我正在泡茶。,Wǒ zhèngzài pào chá.,ちょうどお茶を淹れているところです。,1,正在
a24-2,正在,副詞,他正在开会，可能有点儿忙。,"Tā zhèngzài kāihuì, kěnéng yǒudiǎnr máng.",彼は今会議中なので、ちょっと忙しいかもしれません。,2,可能 有点儿 正在 忙 开会
a24-3,正在,副詞,我们正在吃饭，你也一起来吧。,"Wǒmen zhèngzài chī fàn, nǐ yě yìqǐ lái ba.",ちょうどご飯を食べているところだから、あなたも一緒にどうぞ。,2,一起 也 正在 来 吃
a25-1,非常,副詞,这杯茶非常香。,Zhè bēi chá fēicháng xiāng.,このお茶はとても香りがいいです。,1,非常 香
a25-2,非常,副詞,非常感谢，你们都非常热情。,"Fēicháng gǎnxiè, nǐmen dōu fēicháng rèqíng.",本当にありがとうございます。皆さんとても親切ですね。,2,非常 都 热情 感谢
a25-3,非常,副詞,这里的东西非常新鲜，价格也不贵。,"Zhèlǐ de dōngxi fēicháng xīnxiān, jiàgé yě bú guì.",ここの品物はとても新鮮で、値段も高くありません。,3,不 也 非常 贵 新鲜
a26-1,其实,副詞,其实不太远。,Qíshí bú tài yuǎn.,実はそんなに遠くないんです。,1,不 其实 太 远
a26-2,其实,副詞,其实我一点儿也不会喝酒。,Qíshí wǒ yìdiǎnr yě bú huì hē jiǔ.,実は、お酒は全然飲めないんです。,2,不 也 其实 会 喝
a26-3,其实,副詞,这茶看起来很普通，其实非常好喝。,"Zhè chá kànqilai hěn pǔtōng, qíshí fēicháng hǎohē.",このお茶は普通に見えるけど、実はとてもおいしいんです。,3,非常 其实 很 普通 好喝
a27-1,当然,副詞,当然没问题！,Dāngrán méi wèntí!,もちろん大丈夫です！,1,当然 没
a27-2,当然,副詞,自然栽培的茶当然比较贵。,Zìrán zāipéi de chá dāngrán bǐjiào guì.,自然栽培のお茶は、もちろん少し高めです。,2,当然 比较 自然 贵
a27-3,当然,副詞,你来奈良，我当然要请你喝茶。,"Nǐ lái Nàiliáng, wǒ dāngrán yào qǐng nǐ hē chá.",奈良に来るなら、もちろんお茶をごちそうしますよ。,2,当然 喝 来 请 要
a28-1,一直,副詞,他一直很忙。,Tā yìzhí hěn máng.,彼はずっと忙しいです。,1,一直 很 忙
a28-2,一直,副詞,从早上到现在，雨一直没停。,"Cóng zǎoshang dào xiànzài, yǔ yìzhí méi tíng.",朝から今まで、雨がずっと止みません。,2,一直 没 停 到
a28-3,一直,副詞,我常常来这家店，老板一直都很热情。,"Wǒ chángcháng lái zhè jiā diàn, lǎobǎn yìzhí dōu hěn rèqíng.",この店にはよく来ますが、店主はずっと変わらず親切です。,3,一直 都 很 常常 热情 来
a29-1,好像,副詞,他好像不舒服。,Tā hǎoxiàng bù shūfu.,彼は具合が悪いみたいです。,1,不 好像 舒服
a29-2,好像,副詞,这家店好像今天不开门。,Zhè jiā diàn hǎoxiàng jīntiān bù kāimén.,この店、今日は休みみたいです。,2,不 好像 开门
a29-3,好像,副詞,你好像有点儿累，早点儿休息吧。,"Nǐ hǎoxiàng yǒudiǎnr lèi, zǎodiǎnr xiūxi ba.",ちょっと疲れているみたいだから、早めに休んでね。,2,有点儿 好像 累 休息
a30-1,比较,副詞,今天比较忙。,Jīntiān bǐjiào máng.,今日はわりと忙しいです。,1,比较 忙
a30-2,比较,副詞,坐地铁比较快，也比较便宜。,"Zuò dìtiě bǐjiào kuài, yě bǐjiào piányi.",地下鉄のほうがわりと速くて、安いです。,2,也 比较 快 便宜 坐
a30-3,比较,副詞,我们这儿的冬天比较冷，夏天比较短。,"Wǒmen zhèr de dōngtiān bǐjiào lěng, xiàtiān bǐjiào duǎn.",こちらの冬はわりと寒くて、夏はわりと短いです。,3,比较 冷 短
a31-1,特别,副詞,今天特别热。,Jīntiān tèbié rè.,今日は特に暑いです。,1,特别 热
a31-2,特别,副詞,这家的面特别好吃，也不贵。,"Zhè jiā de miàn tèbié hǎochī, yě bú guì.",この店の麺はすごくおいしくて、高くもないです。,2,不 也 特别 贵 好吃
a31-3,特别,副詞,我喜欢喝茶，特别是奈良的焙茶。,"Wǒ xǐhuan hē chá, tèbié shì Nàiliáng de bèichá.",お茶が好きで、特に奈良のほうじ茶が好きです。,2,特别 是 喜欢 喝
a32-1,更,副詞,明天更冷。,Míngtiān gèng lěng.,明日はもっと寒いです。,1,更 冷
a32-2,更,副詞,今年的新茶比去年的更好喝。,Jīnnián de xīnchá bǐ qùnián de gèng hǎohē.,今年の新茶は去年のよりもっとおいしいです。,2,更 好喝
a32-3,更,副詞,坐新干线很快，坐飞机更快。,"Zuò Xīngànxiàn hěn kuài, zuò fēijī gèng kuài.",新幹線は速いけど、飛行機はもっと速いです。,2,更 很 快 坐
a33-1,挺,副詞,这儿挺安静的。,Zhèr tǐng ānjìng de.,ここはなかなか静かですね。,1,挺 安静
a33-2,挺,副詞,这件衣服挺漂亮的，多少钱？,"Zhè jiàn yīfu tǐng piàoliang de, duōshao qián?",この服けっこうきれいですね。いくらですか？,2,挺 漂亮
a33-3,挺,副詞,中文挺难的，不过我觉得挺有意思的。,"Zhōngwén tǐng nán de, búguò wǒ juéde tǐng yǒuyìsi de.",中国語はけっこう難しいけど、なかなか面白いと思います。,3,挺 有意思 难 觉得
a34-1,刚,副詞,我刚下班。,Wǒ gāng xiàbān.,仕事が終わったばかりです。,1,刚 下班
a34-2,刚,副詞,这是刚摘的茶叶，特别新鲜。,"Zhè shì gāng zhāi de cháyè, tèbié xīnxiān.",これは摘みたての茶葉で、とても新鮮です。,2,特别 刚 新鲜 是
a34-3,刚,副詞,我刚吃完饭，现在有点儿困。,"Wǒ gāng chīwán fàn, xiànzài yǒudiǎnr kùn.",ご飯を食べたばかりで、今ちょっと眠いです。,2,有点儿 刚 困
a35-1,真的,副詞,真的太好吃了！,Zhēnde tài hǎochī le!,本当においしい！,1,真的 太 好吃
a35-2,真的,副詞,你真的不累吗？休息一下吧。,Nǐ zhēnde bú lèi ma? Xiūxi yíxià ba.,本当に疲れてないの？ちょっと休もうよ。,2,不 真的 累 休息
a35-3,真的,副詞,我真的没想到北京的冬天这么冷。,Wǒ zhēnde méi xiǎngdào Běijīng de dōngtiān zhème lěng.,北京の冬がこんなに寒いとは、本当に思いませんでした。,3,真的 没 冷
a36-1,还是,副詞,还是喝茶吧。,Háishi hē chá ba.,やっぱりお茶にしましょう。,1,还是 喝
a36-2,还是,副詞,你想喝绿茶还是红茶？,Nǐ xiǎng hē lǜchá háishi hóngchá?,緑茶と紅茶、どちらが飲みたいですか？,2,还是 喝 想
a36-3,还是,副詞,外面太热了，我们还是在家休息吧。,"Wàimiàn tài rè le, wǒmen háishi zài jiā xiūxi ba.",外は暑すぎるから、やっぱり家で休みましょう。,3,在 还是 太 热 在 休息
a37-1,大概,副詞,他大概不来了。,Tā dàgài bù lái le.,彼はたぶんもう来ないでしょう。,1,不 大概 来
a37-2,大概,副詞,从这儿到车站大概要十分钟。,Cóng zhèr dào chēzhàn dàgài yào shí fēnzhōng.,ここから駅まではだいたい10分です。,2,大概 到 要
a37-3,大概,副詞,这种茶大概两百块，不算太贵。,"Zhè zhǒng chá dàgài liǎng bǎi kuài, bú suàn tài guì.",このお茶はだいたい200元で、そんなに高くはないです。,2,不 大概 太 贵 算
a38-1,一共,副詞,一共三个人。,Yígòng sān gè rén.,全部で3人です。,1,一共
a38-2,一共,副詞,两杯咖啡一共六十块，有点儿贵。,"Liǎng bēi kāfēi yígòng liùshí kuài, yǒudiǎnr guì.",コーヒー2杯で合計60元、ちょっと高いですね。,2,有点儿 一共 贵
a38-3,一共,副詞,我们茶园一共有五种茶，都很好喝。,"Wǒmen cháyuán yígòng yǒu wǔ zhǒng chá, dōu hěn hǎohē.",うちの茶畑には全部で5種類のお茶があって、どれもおいしいです。,3,都 一共 很 好喝 有
a39-1,经常,副詞,他经常加班。,Tā jīngcháng jiābān.,彼はよく残業します。,1,经常 加班
a39-2,经常,副詞,这里夏天经常下雨，也很闷。,"Zhèlǐ xiàtiān jīngcháng xiàyǔ, yě hěn mēn.",ここは夏によく雨が降って、蒸し暑いです。,2,也 经常 很 下雨
a39-3,经常,副詞,我经常去那家店，因为又近又便宜。,"Wǒ jīngcháng qù nà jiā diàn, yīnwèi yòu jìn yòu piányi.",あの店にはよく行きます。近くて安いからです。,3,又 经常 近 便宜 去
a40-1,总是,副詞,她总是很开心。,Tā zǒngshì hěn kāixīn.,彼女はいつも楽しそうです。,1,很 总是 开心
a40-2,总是,副詞,早上的地铁总是很挤。,Zǎoshang de dìtiě zǒngshì hěn jǐ.,朝の地下鉄はいつも混んでいます。,2,很 总是
a40-3,总是,副詞,他总是说没时间，其实一点儿也不忙。,"Tā zǒngshì shuō méi shíjiān, qíshí yìdiǎnr yě bù máng.",彼はいつも時間がないと言うけど、実は全然忙しくありません。,3,不 也 其实 总是 没 忙 说
a41-1,快,副詞,天快黑了。,Tiān kuài hēi le.,もうすぐ暗くなります。,1,快 黑
a41-2,快,副詞,快十二点了，我们去吃饭吧。,"Kuài shí'èr diǎn le, wǒmen qù chī fàn ba.",もうすぐ12時だから、ご飯を食べに行こう。,2,快 点 去 吃
a41-3,快,副詞,新茶快上市了，今年的味道特别好。,"Xīnchá kuài shàngshì le, jīnnián de wèidao tèbié hǎo.",もうすぐ新茶が出ます。今年は特に味がいいです。,3,特别 快 好
a42-1,好,副詞,这茶好香啊！,Zhè chá hǎo xiāng a!,このお茶、すごくいい香り！,1,好 香
a42-2,好,副詞,这里的风景好漂亮啊！,Zhèlǐ de fēngjǐng hǎo piàoliang a!,ここの景色、すごくきれい！,2,好 漂亮
a42-3,好,副詞,走了一天，好累啊，我们休息一下吧。,"Zǒu le yì tiān, hǎo lèi a, wǒmen xiūxi yíxià ba.",一日歩いて、すごく疲れた。ちょっと休もう。,3,好 累 走 休息
a43-1,多,副詞,要多长时间？,Yào duō cháng shíjiān?,どのくらい時間がかかりますか？,1,多 长 要
a43-2,多,副詞,从奈良到京都有多远？,Cóng Nàiliáng dào Jīngdū yǒu duō yuǎn?,奈良から京都まで、どのくらい離れていますか？,2,多 远 有 到
a43-3,多,副詞,你看，这里的星星多漂亮啊！,"Nǐ kàn, zhèlǐ de xīngxing duō piàoliang a!",見て、ここの星はなんてきれいなんでしょう！,2,多 漂亮 看
a44-1,没有,副詞,我没有迟到。,Wǒ méiyǒu chídào.,遅刻はしていません。,1,没有 迟到 没有
a44-2,没有,副詞,昨天太忙了，我没有吃午饭。,"Zuótiān tài máng le, wǒ méiyǒu chī wǔfàn.",昨日は忙しすぎて、昼ご飯を食べませんでした。,2,没有 太 忙 没有 吃
a44-3,没有,副詞,这种茶我还没有喝过，好喝吗？,"Zhè zhǒng chá wǒ hái méiyǒu hē guo, hǎohē ma?",このお茶はまだ飲んだことがないです。おいしいですか？,2,没有 还 好喝 过 还 喝 没有
a45-1,不用,副詞,不用客气。,Búyòng kèqi.,遠慮しないでください。,1,不用 客气
a45-2,不用,副詞,很近，不用打车，走过去吧。,"Hěn jìn, búyòng dǎchē, zǒu guòqu ba.",近いからタクシーはいらないよ。歩いて行こう。,2,很 不用 近 打车 走
a45-3,不用,副詞,这件衣服很干净，不用洗了。,"Zhè jiàn yīfu hěn gānjìng, búyòng xǐ le.",この服はきれいだから、洗わなくていいです。,2,很 不用 干净 洗
a46-1,也许,副詞,也许他忘了。,Yěxǔ tā wàng le.,もしかしたら彼は忘れたのかも。,1,也许 忘
a46-2,也许,副詞,也许明天会晴，我们再等等。,"Yěxǔ míngtiān huì qíng, wǒmen zài děngdeng.",明日は晴れるかもしれないから、もう少し待ちましょう。,2,再 也许 会
a46-3,也许,副詞,那家店也许有点儿贵，但是菜很好吃。,"Nà jiā diàn yěxǔ yǒudiǎnr guì, dànshì cài hěn hǎochī.",あの店はちょっと高いかもしれないけど、料理はおいしいです。,3,有点儿 很 也许 贵 好吃
a47-1,肯定,副詞,你肯定饿了。,Nǐ kěndìng è le.,きっとお腹が空いたでしょう。,1,肯定 饿
a47-2,肯定,副詞,这家店人这么多，肯定很好吃。,"Zhè jiā diàn rén zhème duō, kěndìng hěn hǎochī.",この店はこんなに人が多いから、きっとおいしいよ。,2,很 多 肯定 好吃
a47-3,肯定,副詞,你尝尝这个，肯定比刚才的更好吃。,"Nǐ chángchang zhège, kěndìng bǐ gāngcái de gèng hǎochī.",これを食べてみて。さっきのより絶対においしいよ。,3,更 肯定 好吃
a48-1,差不多,副詞,菜差不多好了。,Cài chàbuduō hǎo le.,料理はだいたいできました。,1,好 差不多
a48-2,差不多,副詞,这两件差不多大，价格也一样。,"Zhè liǎng jiàn chàbuduō dà, jiàgé yě yíyàng.",この2着はほぼ同じ大きさで、値段も同じです。,2,也 差不多 大 一样
a48-3,差不多,副詞,我们的茶差不多都卖完了，只剩一点儿。,"Wǒmen de chá chàbuduō dōu màiwán le, zhǐ shèng yìdiǎnr.",うちのお茶はほとんど売り切れて、少ししか残っていません。,3,只 都 差不多 剩
a49-1,常常,副詞,他常常很晚回家。,Tā chángcháng hěn wǎn huíjiā.,彼はよく遅く帰ってきます。,1,很 常常 晚 回家
a49-2,常常,副詞,冬天这里常常下雪，特别冷。,"Dōngtiān zhèlǐ chángcháng xiàxuě, tèbié lěng.",冬はここでよく雪が降って、とても寒いです。,2,特别 常常 冷
a49-3,常常,副詞,我常常喝绿茶，但是一直没喝过白茶。,"Wǒ chángcháng hē lǜchá, dànshì yìzhí méi hē guo báichá.",緑茶はよく飲みますが、白茶はずっと飲んだことがありません。,3,一直 常常 没 过 喝
a50-1,有时候,副詞,我有时候也很累。,Wǒ yǒushíhou yě hěn lèi.,私も時々疲れます。,1,也 很 有时候 累
a50-2,有时候,副詞,这里有时候很热，有时候很冷。,"Zhèlǐ yǒushíhou hěn rè, yǒushíhou hěn lěng.",ここは暑い時もあれば、寒い時もあります。,2,很 有时候 热 冷
a50-3,有时候,副詞,我一般喝绿茶，有时候也喝咖啡。,"Wǒ yìbān hē lǜchá, yǒushíhou yě hē kāfēi.",普段は緑茶を飲みますが、時々コーヒーも飲みます。,2,也 有时候 一般 喝
a51-1,一般,副詞,我一般睡得很早。,Wǒ yìbān shuì de hěn zǎo.,普段は早く寝ます。,1,很 一般 早 睡 得
a51-2,一般,副詞,周末我一般在茶园工作。,Zhōumò wǒ yìbān zài cháyuán gōngzuò.,週末はたいてい茶畑で働いています。,2,在 一般 在 工作
a51-3,一般,副詞,这种茶一般不太贵，今年有点儿贵。,"Zhè zhǒng chá yìbān bú tài guì, jīnnián yǒudiǎnr guì.",このお茶はふだんはあまり高くないけど、今年はちょっと高いです。,3,不 有点儿 一般 太 贵
a52-1,终于,副詞,终于下班了！,Zhōngyú xiàbān le!,やっと仕事が終わった！,1,终于 下班
a52-2,终于,副詞,等了一个月，新茶终于好了。,"Děng le yí gè yuè, xīnchá zhōngyú hǎo le.",1か月待って、新茶がやっとできました。,2,好 终于 等
a52-3,终于,副詞,雨停了，天气终于凉快了，真舒服。,"Yǔ tíng le, tiānqì zhōngyú liángkuai le, zhēn shūfu.",雨が止んで、やっと涼しくなりました。気持ちいいです。,2,终于 真 舒服 凉快 停
a53-1,突然,副詞,天突然冷了。,Tiān tūrán lěng le.,急に寒くなりました。,1,突然 冷
a53-2,突然,副詞,我的手机突然不能用了。,Wǒ de shǒujī tūrán bù néng yòng le.,携帯が急に使えなくなりました。,2,不 突然 能 用
a53-3,突然,副詞,刚才天气还很好，突然下起雨来了。,"Gāngcái tiānqì hái hěn hǎo, tūrán xià qǐ yǔ lái le.",さっきまで天気が良かったのに、急に雨が降り出しました。,3,很 好 突然 还 还 来 下
a54-1,赶紧,副詞,赶紧吃吧，要凉了。,"Gǎnjǐn chī ba, yào liáng le.",早く食べて、冷めちゃうよ。,1,赶紧 凉 要 吃
a54-2,赶紧,副詞,快下雨了，我们赶紧回家吧。,"Kuài xiàyǔ le, wǒmen gǎnjǐn huíjiā ba.",もうすぐ雨が降るから、急いで帰ろう。,2,快 赶紧 下雨 回家
a54-3,赶紧,副詞,这家店特别火，我们赶紧去排队吧。,"Zhè jiā diàn tèbié huǒ, wǒmen gǎnjǐn qù páiduì ba.",この店はすごく人気だから、急いで並びに行こう。,3,特别 赶紧 排队 去
a55-1,慢慢,副詞,汤很烫，慢慢喝。,"Tāng hěn tàng, mànmàn hē.",スープが熱いから、ゆっくり飲んでね。,1,很 慢慢 烫 喝
a55-2,慢慢,副詞,天气慢慢暖和起来了。,Tiānqì mànmàn nuǎnhuo qǐlai le.,だんだん暖かくなってきました。,2,慢慢 暖和 起来
a55-3,慢慢,副詞,这种茶要用热水慢慢泡，味道才好。,"Zhè zhǒng chá yào yòng rèshuǐ mànmàn pào, wèidao cái hǎo.",このお茶はお湯でゆっくり淹れてこそ、味が良くなります。,3,才 好 慢慢 用 要
a56-1,千万,副詞,千万别迟到！,Qiānwàn bié chídào!,絶対に遅刻しないでね！,1,别 千万 迟到
a56-2,千万,副詞,晚上很冷，千万别感冒了。,"Wǎnshang hěn lěng, qiānwàn bié gǎnmào le.",夜は寒いから、くれぐれも風邪をひかないでね。,2,别 很 千万 冷 感冒
a56-3,千万,副詞,这个地方很远，你千万要小心。,"Zhège dìfang hěn yuǎn, nǐ qiānwàn yào xiǎoxīn.",ここは遠いから、くれぐれも気をつけてね。,2,很 千万 远 小心 要
a57-1,到底,副詞,你到底想吃什么？,Nǐ dàodǐ xiǎng chī shénme?,いったい何が食べたいの？,1,到底 想 吃
a57-2,到底,副詞,这两种茶到底哪个更好喝？,Zhè liǎng zhǒng chá dàodǐ nǎge gèng hǎohē?,この2種類のお茶、いったいどっちがおいしいの？,2,更 到底 好喝
a57-3,到底,副詞,他说很近，到底还要走多久啊？,"Tā shuō hěn jìn, dàodǐ hái yào zǒu duō jiǔ a?",近いって言ってたのに、いったいあとどれくらい歩くの？,2,很 多 到底 还 近 久 还 走 说 要
a58-1,原来,副詞,原来你在这儿！,Yuánlái nǐ zài zhèr!,なんだ、ここにいたんですね！,1,在 原来 在
a58-2,原来,副詞,原来你也喜欢喝茶啊！,Yuánlái nǐ yě xǐhuan hē chá a!,なんだ、あなたもお茶が好きなんですね！,2,也 原来 喜欢 喝
a58-3,原来,副詞,怪不得这么香，原来是刚炒的茶。,"Guàibude zhème xiāng, yuánlái shì gāng chǎo de chá.",どうりで香ばしいわけだ、炒りたてのお茶だったんですね。,2,刚 原来 香 是
a59-1,本来,副詞,我本来不想来。,Wǒ běnlái bù xiǎng lái.,本当は来るつもりはありませんでした。,1,不 本来 来 想
a59-2,本来,副詞,本来想坐公交，太慢了，就打车了。,"Běnlái xiǎng zuò gōngjiāo, tài màn le, jiù dǎchē le.",もともとバスに乗るつもりでしたが、遅すぎるのでタクシーにしました。,2,就 本来 太 慢 打车 坐 想
a59-3,本来,副詞,我本来以为很难，原来这么容易。,"Wǒ běnlái yǐwéi hěn nán, yuánlái zhème róngyì.",もともと難しいと思っていたけど、なんだ、こんなに簡単だったんですね。,2,很 原来 本来 难 容易 以为
a60-1,一块儿,副詞,晚上一块儿吃吧。,Wǎnshang yíkuàir chī ba.,夜は一緒に食べよう。,1,一块儿 吃
a60-2,一块儿,副詞,周末一块儿去看红叶，怎么样？,"Zhōumò yíkuàir qù kàn hóngyè, zěnmeyàng?",週末、一緒に紅葉を見に行かない？,2,一块儿 看 去
a60-3,一块儿,副詞,我们一块儿去买东西吧，那边的店很便宜。,"Wǒmen yíkuàir qù mǎi dōngxi ba, nàbiān de diàn hěn piányi.",一緒に買い物に行こうよ。あっちの店は安いから。,3,很 一块儿 便宜 买 去
a61-1,必须,副詞,你必须休息。,Nǐ bìxū xiūxi.,休まなきゃだめですよ。,1,必须 休息
a61-2,必须,副詞,茶叶必须放在干燥的地方。,Cháyè bìxū fàng zài gānzào de dìfang.,茶葉は必ず乾燥した場所に置いてください。,2,在 必须 干燥 在 放
a61-3,必须,副詞,明天的飞机很早，我必须五点起床。,"Míngtiān de fēijī hěn zǎo, wǒ bìxū wǔ diǎn qǐchuáng.",明日の飛行機は早いので、5時に起きなければなりません。,3,很 必须 早 点 起床
a62-1,最好,副詞,你最好打车去。,Nǐ zuìhǎo dǎchē qù.,タクシーで行ったほうがいいですよ。,1,最好 打车 去
a62-2,最好,副詞,那家店人很多，最好先预约。,"Nà jiā diàn rén hěn duō, zuìhǎo xiān yùyuē.",あの店は人が多いので、先に予約したほうがいいです。,2,先 很 多 最好
a62-3,最好,副詞,新茶很嫩，最好用不太热的水泡。,"Xīnchá hěn nèn, zuìhǎo yòng bú tài rè de shuǐ pào.",新茶は柔らかいので、あまり熱くないお湯で淹れたほうがいいです。,2,不 很 最好 太 热 用
a63-1,确实,副詞,这茶确实好喝。,Zhè chá quèshí hǎohē.,このお茶は確かにおいしいです。,1,确实 好喝
a63-2,确实,副詞,你说得对，这家确实有点儿贵。,"Nǐ shuō de duì, zhè jiā quèshí yǒudiǎnr guì.",あなたの言う通り、この店は確かにちょっと高いですね。,2,有点儿 确实 对 贵 得 说
a63-3,确实,副詞,奈良确实没有东京方便，但是安静多了。,"Nàiliáng quèshí méiyǒu Dōngjīng fāngbiàn, dànshì ānjìng duō le.",奈良は確かに東京ほど便利じゃないけど、ずっと静かです。,3,多 没有 确实 方便 安静 没有
a64-1,差点儿,副詞,我差点儿迟到了。,Wǒ chàdiǎnr chídào le.,危うく遅刻するところでした。,1,差点儿 迟到
a64-2,差点儿,副詞,路太滑了，我差点儿摔倒。,"Lù tài huá le, wǒ chàdiǎnr shuāidǎo.",道が滑りやすくて、危うく転ぶところでした。,2,差点儿 太
a64-3,差点儿,副詞,今天车特别多，我们差点儿没赶上飞机。,"Jīntiān chē tèbié duō, wǒmen chàdiǎnr méi gǎnshàng fēijī.",今日は車がすごく多くて、危うく飛行機に乗り遅れるところでした。,3,特别 多 差点儿 没
a65-1,从来,副詞,他从来不迟到。,Tā cónglái bù chídào.,彼は一度も遅刻したことがありません。,1,不 从来 迟到
a65-2,从来,副詞,我从来没喝过这么好喝的茶。,Wǒ cónglái méi hē guo zhème hǎohē de chá.,こんなにおいしいお茶は飲んだことがありません。,2,从来 没 好喝 过 喝
a65-3,从来,副詞,我们的茶园从来不用农药，所以很安全。,"Wǒmen de cháyuán cónglái bú yòng nóngyào, suǒyǐ hěn ānquán.",うちの茶畑はこれまで一度も農薬を使っていないので、安心です。,3,不 很 从来 安全 用
a66-1,老,副詞,这几天老下雨。,Zhè jǐ tiān lǎo xiàyǔ.,ここ数日、雨ばかりです。,1,老 下雨
a66-2,老,副詞,你别老喝冷的，对身体不好。,"Nǐ bié lǎo hē lěng de, duì shēntǐ bù hǎo.",冷たいものばかり飲まないで、体に悪いよ。,2,不 别 好 老 冷 对 喝
a66-3,老,副詞,这台电脑老出问题，真麻烦。,"Zhè tái diànnǎo lǎo chū wèntí, zhēn máfan.",このパソコンはしょっちゅう調子が悪くなって、本当に面倒です。,2,老 真 麻烦 出
a67-1,总,副詞,你总这么忙吗？,Nǐ zǒng zhème máng ma?,いつもこんなに忙しいんですか？,1,总 忙
a67-2,总,副詞,我总觉得这家店有点儿贵。,Wǒ zǒng juéde zhè jiā diàn yǒudiǎnr guì.,この店はどうもちょっと高い気がします。,2,有点儿 总 贵 觉得
a67-3,总,副詞,她总说自己胖，我觉得挺好看的。,"Tā zǒng shuō zìjǐ pàng, wǒ juéde tǐng hǎokàn de.",彼女はいつも自分は太っていると言うけど、私は素敵だと思います。,2,挺 总 好看 胖 觉得 说
a68-1,越来越,副詞,天越来越热了。,Tiān yuèláiyuè rè le.,だんだん暑くなってきました。,1,越来越 热
a68-2,越来越,副詞,来奈良的外国人越来越多了。,Lái Nàiliáng de wàiguórén yuèláiyuè duō le.,奈良に来る外国人がますます増えています。,2,多 越来越 来
a68-3,越来越,副詞,我的中文越来越好了，说得也越来越快。,"Wǒ de Zhōngwén yuèláiyuè hǎo le, shuō de yě yuèláiyuè kuài.",中国語がどんどん上手になって、話すのもどんどん速くなりました。,3,也 快 好 越来越 得 说
a69-1,越,副詞,茶越新越香。,Chá yuè xīn yuè xiāng.,お茶は新しいほど香りがいいです。,1,越 新 香
a69-2,越,副詞,这种白茶越喝越好喝。,Zhè zhǒng báichá yuè hē yuè hǎohē.,この白茶は飲めば飲むほどおいしいです。,2,越 好喝 喝
a69-3,越,副詞,雨越下越大，我们今天还是别出去了。,"Yǔ yuè xià yuè dà, wǒmen jīntiān háishi bié chūqu le.",雨がどんどん強くなってきたから、今日はやっぱり出かけるのをやめよう。,3,别 还是 越 大 下 出去
a70-1,根本,副詞,这根本不贵。,Zhè gēnběn bú guì.,これは全然高くないです。,1,不 根本 贵
a70-2,根本,副詞,他说得太快，我根本听不懂。,"Tā shuō de tài kuài, wǒ gēnběn tīngbudǒng.",彼は話すのが速すぎて、全然聞き取れません。,2,快 根本 太 得 说
a70-3,根本,副詞,这条路根本不远，走十分钟就到了。,"Zhè tiáo lù gēnběn bù yuǎn, zǒu shí fēnzhōng jiù dào le.",この道は全然遠くないです。歩いて10分で着きます。,3,不 就 根本 远 走 到
a71-1,互相,副詞,大家互相帮助。,Dàjiā hùxiāng bāngzhù.,みんなで助け合います。,1,互相 帮助
a71-2,互相,副詞,我们互相教，我教日语，他教中文。,"Wǒmen hùxiāng jiāo, wǒ jiāo Rìyǔ, tā jiāo Zhōngwén.",私たちは教え合っています。私は日本語を、彼は中国語を教えます。,2,互相 教
a71-3,互相,副詞,茶园的邻居都很好，大家经常互相帮忙。,"Cháyuán de línjū dōu hěn hǎo, dàjiā jīngcháng hùxiāng bāngmáng.",茶畑の近所の人はみんないい人で、よく助け合っています。,3,都 经常 很 好 互相 帮忙
a72-1,稍微,副詞,稍微便宜一点儿吧。,Shāowēi piányi yìdiǎnr ba.,もう少し安くしてくださいよ。,1,稍微 便宜
a72-2,稍微,副詞,这件稍微有点儿小，有大的吗？,"Zhè jiàn shāowēi yǒudiǎnr xiǎo, yǒu dà de ma?",これはちょっと小さいです。大きいのはありますか？,2,有点儿 稍微 大 小 有
a72-3,稍微,副詞,今天有点儿累，我想稍微休息一下。,"Jīntiān yǒudiǎnr lèi, wǒ xiǎng shāowēi xiūxi yíxià.",今日はちょっと疲れたので、少し休みたいです。,3,有点儿 稍微 累 想 休息
a73-1,几乎,副詞,钱几乎花完了。,Qián jīhū huāwán le.,お金をほとんど使い切ってしまいました。,1,几乎
a73-2,几乎,副詞,这条街的店几乎都很贵。,Zhè tiáo jiē de diàn jīhū dōu hěn guì.,この通りの店はほとんど高いです。,2,都 很 几乎 贵
a73-3,几乎,副詞,她的日语说得很好，几乎和日本人一样。,"Tā de Rìyǔ shuō de hěn hǎo, jīhū hé Rìběnrén yíyàng.",彼女は日本語がとても上手で、ほとんど日本人と同じです。,3,很 好 几乎 一样 得 说
a74-1,全,副詞,衣服全湿了。,Yīfu quán shī le.,服がすっかり濡れてしまいました。,1,全
a74-2,全,副詞,新茶全卖完了，下次早点儿来吧。,"Xīnchá quán màiwán le, xiàcì zǎodiǎnr lái ba.",新茶は全部売り切れました。次は早めに来てください。,2,全 来
a74-3,全,副詞,这几家店我全去过了，还是这家最好吃。,"Zhè jǐ jiā diàn wǒ quán qù guo le, háishi zhè jiā zuì hǎochī.",この数軒は全部行ったけど、やっぱりこの店が一番おいしいです。,3,最 还是 全 好吃 过 去
a75-1,只好,副詞,只好走回去了。,Zhǐhǎo zǒu huíqu le.,歩いて帰るしかないね。,1,只好 走 回去
a75-2,只好,副詞,外面下雨了，我们只好在家待着。,"Wàimiàn xiàyǔ le, wǒmen zhǐhǎo zài jiā dāi zhe.",外は雨だから、家にいるしかありません。,2,在 只好 在 下雨
a75-3,只好,副詞,那家店太贵了，我只好去便宜一点儿的。,"Nà jiā diàn tài guì le, wǒ zhǐhǎo qù piányi yìdiǎnr de.",あの店は高すぎるので、もう少し安い店に行くしかありません。,3,只好 太 贵 便宜 去
a76-1,难道,副詞,难道今天休息？,Nándào jīntiān xiūxi?,まさか今日は休み？,1,难道 休息
a76-2,难道,副詞,这么好吃，难道你不想再吃吗？,"Zhème hǎochī, nándào nǐ bù xiǎng zài chī ma?",こんなにおいしいのに、まさかもう食べたくないの？,2,不 再 难道 好吃 想 吃
a76-3,难道,副詞,这么近的地方，难道还要打车吗？,"Zhème jìn de dìfang, nándào hái yào dǎchē ma?",こんなに近いのに、まさかタクシーに乗るつもり？,2,还 难道 近 打车 还 要
a77-1,反正,副詞,反正不远，走吧。,"Fǎnzhèng bù yuǎn, zǒu ba.",どうせ遠くないし、歩こう。,1,不 反正 远 走
a77-2,反正,副詞,反正今天不忙，我们慢慢喝茶吧。,"Fǎnzhèng jīntiān bù máng, wǒmen mànmàn hē chá ba.",どうせ今日は忙しくないから、ゆっくりお茶を飲もう。,2,不 慢慢 反正 忙 喝
a77-3,反正,副詞,你去不去都行，反正我一定要去。,"Nǐ qù bu qù dōu xíng, fǎnzhèng wǒ yídìng yào qù.",あなたは行っても行かなくてもいいけど、どのみち私は必ず行きます。,2,不 一定 都 反正 去 要
a78-1,正好,副詞,我正好有空。,Wǒ zhènghǎo yǒu kòng.,ちょうど手が空いています。,1,正好 空 有
a78-2,正好,副詞,今天不冷不热，正好去爬山。,"Jīntiān bù lěng bú rè, zhènghǎo qù páshān.",今日は暑くも寒くもないから、ちょうど山登りにいいです。,2,不 正好 热 冷 去
a78-3,正好,副詞,我正好要去车站，我们一起走吧。,"Wǒ zhènghǎo yào qù chēzhàn, wǒmen yìqǐ zǒu ba.",ちょうど駅に行くところなので、一緒に行きましょう。,2,一起 正好 走 去 要
a79-1,光,副詞,他光喝酒。,Tā guāng hē jiǔ.,彼はお酒ばかり飲んでいます。,1,光 喝
a79-2,光,副詞,你别光工作，也要好好休息。,"Nǐ bié guāng gōngzuò, yě yào hǎohǎo xiūxi.",仕事ばかりしないで、ちゃんと休んでね。,2,也 别 光 工作 要 休息
a79-3,光,副詞,光看照片就觉得很漂亮，真想去看看。,"Guāng kàn zhàopiàn jiù juéde hěn piàoliang, zhēn xiǎng qù kànkan.",写真を見るだけでもきれいだと思う。本当に見に行きたいです。,3,很 就 光 真 漂亮 看 觉得 去 想
a80-1,随便,副詞,随便坐吧。,Suíbiàn zuò ba.,どうぞお好きなところに座ってください。,1,随便 坐
a80-2,随便,副詞,这些茶你可以随便喝，不用客气。,"Zhèxiē chá nǐ kěyǐ suíbiàn hē, búyòng kèqi.",このお茶はご自由に飲んでください。遠慮しないでね。,2,不用 随便 客气 可以 喝
a80-3,随便,副詞,这件事很重要，你别随便说。,"Zhè jiàn shì hěn zhòngyào, nǐ bié suíbiàn shuō.",これは大事なことだから、軽々しく話さないでね。,2,别 很 随便 重要 说
a81-1,顺便,副詞,我顺便去买菜。,Wǒ shùnbiàn qù mǎi cài.,ついでに食材を買いに行きます。,1,顺便 买 去
a81-2,顺便,副詞,你去超市，顺便帮我买点儿水果。,"Nǐ qù chāoshì, shùnbiàn bāng wǒ mǎi diǎnr shuǐguǒ.",スーパーに行くなら、ついでに果物を買ってきて。,2,顺便 买 去 帮
a81-3,顺便,副詞,去京都开会，我顺便去看了很漂亮的红叶。,"Qù Jīngdū kāihuì, wǒ shùnbiàn qù kàn le hěn piàoliang de hóngyè.",京都に会議で行ったついでに、きれいな紅葉を見てきました。,3,很 顺便 漂亮 看 开会 去
a82-1,重新,副詞,我们重新开始吧。,Wǒmen chóngxīn kāishǐ ba.,最初からやり直しましょう。,1,重新 开始
a82-2,重新,副詞,这杯茶已经凉了，我重新泡一杯。,"Zhè bēi chá yǐjīng liáng le, wǒ chóngxīn pào yì bēi.",このお茶はもう冷めたので、新しく淹れ直しますね。,2,已经 重新 凉
a82-3,重新,副詞,这份资料太乱了，你重新写一下吧。,"Zhè fèn zīliào tài luàn le, nǐ chóngxīn xiě yíxià ba.",この資料はごちゃごちゃしすぎだから、書き直してください。,3,太 重新 乱 写
a83-1,早就,副詞,他早就走了。,Tā zǎojiù zǒu le.,彼はとっくに帰りました。,1,早就 走
a83-2,早就,副詞,那家店很有名，我早就想去了。,"Nà jiā diàn hěn yǒumíng, wǒ zǎojiù xiǎng qù le.",あの店は有名で、ずっと前から行きたかったんです。,2,很 早就 有名 去 想
a83-3,早就,副詞,你来得太晚了，大家早就吃完了。,"Nǐ lái de tài wǎn le, dàjiā zǎojiù chīwán le.",来るのが遅すぎるよ。みんなとっくに食べ終わったよ。,2,太 早就 晚 得 来
a84-1,就要,副詞,我们就要到了。,Wǒmen jiùyào dào le.,もうすぐ着きます。,1,就要 到
a84-2,就要,副詞,明天就要回日本了，真舍不得。,"Míngtiān jiùyào huí Rìběn le, zhēn shěbude.",明日にはもう日本に帰るなんて、本当に名残惜しいです。,2,就要 真 回
a84-3,就要,副詞,下个月就要开始采茶了，我们会特别忙。,"Xià gè yuè jiùyào kāishǐ cǎichá le, wǒmen huì tèbié máng.",来月から茶摘みが始まるので、すごく忙しくなります。,3,特别 就要 忙 会 下 开始
a85-1,快要,副詞,茶快要凉了。,Chá kuàiyào liáng le.,お茶がもうすぐ冷めちゃいますよ。,1,快要 凉
a85-2,快要,副詞,快要下雨了，别忘了带伞。,"Kuàiyào xiàyǔ le, bié wàng le dài sǎn.",もうすぐ雨が降りそうだから、傘を忘れないでね。,2,别 快要 下雨 忘 带
a85-3,快要,副詞,电影快要开始了，你怎么还没来？,"Diànyǐng kuàiyào kāishǐ le, nǐ zěnme hái méi lái?",映画がもうすぐ始まるのに、どうしてまだ来ないの？,2,还 没 快要 还 来 开始
a86-1,立刻,副詞,请立刻回来。,Qǐng lìkè huílai.,すぐに戻ってきてください。,1,立刻 请 回来
a86-2,立刻,副詞,客人到了，我们立刻准备热茶。,"Kèrén dào le, wǒmen lìkè zhǔnbèi rè chá.",お客様が着いたので、すぐに温かいお茶を用意します。,2,立刻 热 到 准备
a86-3,立刻,副詞,太累了，一到酒店我就立刻睡着了。,"Tài lèi le, yí dào jiǔdiàn wǒ jiù lìkè shuì zháo le.",疲れすぎて、ホテルに着くなりすぐ寝てしまいました。,3,就 太 立刻 累 睡 到
a87-1,偶尔,副詞,我偶尔也做饭。,Wǒ ǒu'ěr yě zuò fàn.,たまに料理もします。,1,也 偶尔 做
a87-2,偶尔,副詞,我平时很忙，偶尔去看电影。,"Wǒ píngshí hěn máng, ǒu'ěr qù kàn diànyǐng.",普段は忙しいので、たまに映画を見に行くくらいです。,2,很 偶尔 忙 看 去
a87-3,偶尔,副詞,这里冬天不太冷，偶尔会下一点儿雪。,"Zhèlǐ dōngtiān bú tài lěng, ǒu'ěr huì xià yìdiǎnr xuě.",ここは冬はあまり寒くなくて、たまに少し雪が降ります。,3,不 太 偶尔 冷 会 下
a88-1,尤其,副詞,今天尤其冷。,Jīntiān yóuqí lěng.,今日は特に寒いです。,1,尤其 冷
a88-2,尤其,副詞,这家的菜都好吃，尤其是鱼。,"Zhè jiā de cài dōu hǎochī, yóuqí shì yú.",この店の料理はどれもおいしいけど、特に魚がいいです。,2,都 尤其 好吃 是
a88-3,尤其,副詞,我喜欢安静的地方，尤其是早上的茶园。,"Wǒ xǐhuan ānjìng de dìfang, yóuqí shì zǎoshang de cháyuán.",静かな場所が好きで、特に朝の茶畑が好きです。,3,尤其 安静 是 喜欢
a89-1,另外,副詞,另外还有吗？,Lìngwài hái yǒu ma?,ほかにもありますか？,1,还 另外 还 有
a89-2,另外,副詞,一杯热茶，另外要一块蛋糕。,"Yì bēi rè chá, lìngwài yào yí kuài dàngāo.",温かいお茶を1杯、それからケーキを1つください。,2,另外 热 要
a89-3,另外,副詞,这家酒店很干净，另外离车站也很近。,"Zhè jiā jiǔdiàn hěn gānjìng, lìngwài lí chēzhàn yě hěn jìn.",このホテルは清潔ですし、それに駅からも近いです。,3,也 很 另外 近 干净
a90-1,至少,副詞,至少要三天。,Zhìshǎo yào sān tiān.,少なくとも3日かかります。,1,至少 要
a90-2,至少,副詞,这种茶至少要泡三分钟。,Zhè zhǒng chá zhìshǎo yào pào sān fēnzhōng.,このお茶は少なくとも3分は蒸らしてください。,2,至少 要
a90-3,至少,副詞,那里很远，坐车至少要两个小时。,"Nàlǐ hěn yuǎn, zuò chē zhìshǎo yào liǎng gè xiǎoshí.",あそこは遠くて、車で少なくとも2時間はかかります。,2,很 至少 远 坐 要
a91-1,简直,副詞,简直太美了！,Jiǎnzhí tài měi le!,本当に美しすぎます！,1,太 简直 美
a91-2,简直,副詞,今天简直热死了，我不想出门。,"Jīntiān jiǎnzhí rè sǐ le, wǒ bù xiǎng chūmén.",今日は暑くて死にそう。出かけたくありません。,2,不 简直 热 出门 想
a91-3,简直,副詞,这里的东西简直太便宜了，我买了好多。,"Zhèlǐ de dōngxi jiǎnzhí tài piányi le, wǒ mǎi le hǎoduō.",ここの物は信じられないほど安くて、たくさん買っちゃいました。,3,太 简直 便宜 买
a92-1,果然,副詞,果然很好吃！,Guǒrán hěn hǎochī!,やっぱりおいしい！,1,很 果然 好吃
a92-2,果然,副詞,大家都说他很忙，他果然没来。,"Dàjiā dōu shuō tā hěn máng, tā guǒrán méi lái.",みんな彼は忙しいと言っていたけど、やはり来ませんでした。,2,都 很 没 果然 忙 来 说
a92-3,果然,副詞,听说那家店很贵，去了一看，果然不便宜。,"Tīngshuō nà jiā diàn hěn guì, qù le yí kàn, guǒrán bù piányi.",あの店は高いと聞いていたけど、行ってみたらやはり安くありませんでした。,3,不 很 果然 贵 便宜 看 去 听说
a93-1,居然,副詞,她居然来了！,Tā jūrán lái le!,なんと彼女が来ました！,1,居然 来
a93-2,居然,副詞,这么小的店，菜居然这么好吃。,"Zhème xiǎo de diàn, cài jūrán zhème hǎochī.",こんなに小さい店なのに、料理が意外なほどおいしいです。,2,居然 小 好吃
a93-3,居然,副詞,从大阪坐飞机到北京，居然只要三个小时。,"Cóng Dàbǎn zuò fēijī dào Běijīng, jūrán zhǐ yào sān gè xiǎoshí.",大阪から北京まで飛行機でたった3時間だなんて、意外です。,3,只 居然 到 坐 要
a94-1,故意,副詞,你故意的吧？,Nǐ gùyì de ba?,わざとでしょう？,1,故意
a94-2,故意,副詞,对不起，我不是故意迟到的。,"Duìbuqǐ, wǒ bú shì gùyì chídào de.",すみません、わざと遅れたわけじゃないんです。,2,不 故意 是 迟到 对不起
a94-3,故意,副詞,他故意说得很慢，让我能听懂。,"Tā gùyì shuō de hěn màn, ràng wǒ néng tīngdǒng.",彼は私が聞き取れるように、わざとゆっくり話してくれました。,2,很 故意 慢 听懂 能 得 让 说
a95-1,专门,副詞,我专门来买茶。,Wǒ zhuānmén lái mǎi chá.,わざわざお茶を買いに来ました。,1,专门 买 来
a95-2,专门,副詞,这是我专门为你泡的茶。,Zhè shì wǒ zhuānmén wèi nǐ pào de chá.,これはあなたのために特別に淹れたお茶です。,2,专门 是
a95-3,专门,副詞,这家店专门卖日本茶，种类特别多。,"Zhè jiā diàn zhuānmén mài Rìběn chá, zhǒnglèi tèbié duō.",この店は日本茶専門で、種類がとても多いです。,3,特别 多 专门 卖
a96-1,到处,副詞,到处都很干净。,Dàochù dōu hěn gānjìng.,どこもきれいです。,1,都 很 到处 干净
a96-2,到处,副詞,春天的时候，奈良到处都是花。,"Chūntiān de shíhou, Nàiliáng dàochù dōu shì huā.",春になると、奈良はあちこち花でいっぱいです。,2,都 到处 是 花
a96-3,到处,副詞,我到处找了，还是没找到我的手机。,"Wǒ dàochù zhǎo le, háishi méi zhǎodào wǒ de shǒujī.",あちこち探したけど、やっぱり携帯が見つかりません。,3,还是 没 到处 找到 找
a97-1,一边,副詞,一边走一边看。,Yìbiān zǒu yìbiān kàn.,歩きながら見ましょう。,1,一边 看 走
a97-2,一边,副詞,我们一边喝茶，一边聊天吧。,"Wǒmen yìbiān hē chá, yìbiān liáotiān ba.",お茶を飲みながら、おしゃべりしましょう。,2,一边 喝 聊天
a97-3,一边,副詞,他一边工作一边学中文，真厉害。,"Tā yìbiān gōngzuò yìbiān xué Zhōngwén, zhēn lìhai.",彼は仕事をしながら中国語を勉強していて、本当にすごいです。,2,真 一边 厉害 工作 学
a98-1,恐怕,副詞,恐怕要下雨。,Kǒngpà yào xiàyǔ.,雨が降りそうです。,1,恐怕 下雨 要
a98-2,恐怕,副詞,这么晚了，恐怕没有公交了。,"Zhème wǎn le, kǒngpà méiyǒu gōngjiāo le.",こんなに遅いと、もうバスはないかもしれません。,2,没有 恐怕 晚 没有
a98-3,恐怕,副詞,这件事恐怕有点儿难，我得跟老板商量一下。,"Zhè jiàn shì kǒngpà yǒudiǎnr nán, wǒ děi gēn lǎobǎn shāngliang yíxià.",この件はちょっと難しそうなので、社長と相談しなければなりません。,3,有点儿 恐怕 难 跟 商量 得
a99-1,随时,副詞,欢迎随时来玩儿。,Huānyíng suíshí lái wánr.,いつでも遊びに来てください。,1,随时 欢迎 来
a99-2,随时,副詞,有问题的话，随时给我打电话。,"Yǒu wèntí dehuà, suíshí gěi wǒ dǎ diànhuà.",何かあったら、いつでも電話してください。,2,随时 有 给 打
a99-3,随时,副詞,我们的茶园很安静，你随时都可以来参观。,"Wǒmen de cháyuán hěn ānjìng, nǐ suíshí dōu kěyǐ lái cānguān.",うちの茶畑は静かなので、いつでも見学に来てください。,3,都 很 随时 安静 可以 来
a100-1,幸亏,副詞,幸亏没下雨。,Xìngkuī méi xiàyǔ.,雨が降らなくてよかった。,1,幸亏 没 下雨
a100-2,幸亏,副詞,幸亏带了伞，不然就全湿了。,"Xìngkuī dài le sǎn, bùrán jiù quán shī le.",傘を持ってきてよかった。じゃなきゃびしょ濡れでした。,2,幸亏 就 全 带
a100-3,幸亏,副詞,路上车特别多，幸亏我们出门比较早。,"Lùshang chē tèbié duō, xìngkuī wǒmen chūmén bǐjiào zǎo.",道がすごく混んでいたけど、早めに出ていてよかったです。,3,幸亏 比较 特别 多 早 出门
j1-1,大,形容詞,这件衣服太大了。,Zhè jiàn yīfu tài dà le.,この服は大きすぎます。,1,太 大
j1-2,大,形容詞,奈良的茶园比我想的还大。,Nàiliáng de cháyuán bǐ wǒ xiǎng de hái dà.,奈良の茶畑は思っていたよりも広いです。,2,还 大 还 想
j2-1,小,形容詞,我的房间很小。,Wǒ de fángjiān hěn xiǎo.,私の部屋は狭いです。,1,很 小
j2-2,小,形容詞,这种茶杯比较小，适合喝绿茶。,"Zhè zhǒng chábēi bǐjiào xiǎo, shìhé hē lǜchá.",この湯のみは小さめで、緑茶に向いています。,2,比较 小 喝
j3-1,对,形容詞,我的答案都对吗？,Wǒ de dá'àn dōu duì ma?,私の答えは全部合っていますか？,1,都 对
j3-2,对,形容詞,他说的一点儿也不对，别信他。,"Tā shuō de yìdiǎnr yě bú duì, bié xìn tā.",彼の言うことは全然正しくないから、信じないで。,2,不 也 别 对 说
j4-1,少,形容詞,这里的游客比较少。,Zhèlǐ de yóukè bǐjiào shǎo.,ここは観光客が比較的少ないです。,1,比较 少
j4-2,少,形容詞,喝茶的年轻人越来越少了。,Hē chá de niánqīngrén yuèláiyuè shǎo le.,お茶を飲む若い人がだんだん減ってきました。,2,越来越 少 喝
j5-1,贵,形容詞,这里的东西都挺贵的。,Zhèlǐ de dōngxi dōu tǐng guì de.,ここの物はどれもけっこう高いです。,2,都 挺 贵
j5-2,贵,形容詞,这家店的茶比较贵，但是非常好喝。,"Zhè jiā diàn de chá bǐjiào guì, dànshì fēicháng hǎohē.",この店のお茶は高めだけど、とてもおいしいです。,3,非常 比较 好喝 贵
j6-1,便宜,形容詞,这件衣服挺便宜的。,Zhè jiàn yīfu tǐng piányi de.,この服はけっこう安いです。,1,挺 便宜
j6-2,便宜,形容詞,在网上买比较便宜，也更方便。,"Zài wǎngshàng mǎi bǐjiào piányi, yě gèng fāngbiàn.",ネットで買うほうが安いし、もっと便利です。,2,也 在 比较 更 方便 便宜 在 买
j7-1,好吃,形容詞,妈妈做的菜最好吃。,Māma zuò de cài zuì hǎochī.,母の料理がいちばんおいしい。,1,最 好吃 做
j7-2,好吃,形容詞,这家店的饺子特别好吃，你一定要尝尝。,"Zhè jiā diàn de jiǎozi tèbié hǎochī, nǐ yídìng yào chángchang.",この店の餃子はすごくおいしいから、ぜひ食べてみて。,3,一定 特别 好吃 要
j8-1,忙,形容詞,我这周特别忙。,Wǒ zhè zhōu tèbié máng.,今週はすごく忙しいです。,1,特别 忙
j8-2,忙,形容詞,春天采茶的时候，我们每天都非常忙。,"Chūntiān cǎi chá de shíhou, wǒmen měitiān dōu fēicháng máng.",春の茶摘みの時期は、毎日とても忙しいです。,3,非常 都 忙
j9-1,累,形容詞,走了一天，太累了。,"Zǒu le yì tiān, tài lèi le.",一日歩いて、くたくたです。,1,太 累 走
j9-2,累,形容詞,在茶园干活虽然挺累的，但是很开心。,"Zài cháyuán gànhuó suīrán tǐng lèi de, dànshì hěn kāixīn.",茶畑の仕事は疲れるけど、楽しいです。,3,在 挺 很 开心 累 在
j10-1,远,形容詞,走过去太远了。,Zǒu guòqu tài yuǎn le.,歩いて行くには遠すぎます。,1,太 远 走
j10-2,远,形容詞,我的茶园离车站比较远，要开车去。,"Wǒ de cháyuán lí chēzhàn bǐjiào yuǎn, yào kāichē qù.",私の茶畑は駅から遠めなので、車で行かないといけません。,3,比较 远 开车 去 要
j11-1,近,形容詞,地铁站非常近。,Dìtiězhàn fēicháng jìn.,地下鉄の駅はすぐ近くです。,1,非常 近
j11-2,近,形容詞,这家酒店离车站最近，走路五分钟。,"Zhè jiā jiǔdiàn lí chēzhàn zuì jìn, zǒulù wǔ fēnzhōng.",このホテルが駅から一番近くて、歩いて5分です。,3,最 近 走路
j12-1,热,形容詞,这杯茶有点儿热。,Zhè bēi chá yǒudiǎnr rè.,このお茶はちょっと熱いです。,1,有点儿 热
j12-2,热,形容詞,奈良的夏天越来越热了，要多喝水。,"Nàiliáng de xiàtiān yuèláiyuè rè le, yào duō hē shuǐ.",奈良の夏はどんどん暑くなってきたので、水をたくさん飲まないと。,3,多 越来越 热 喝 要
j13-1,冷,形容詞,今天太冷了！,Jīntiān tài lěng le!,今日は寒すぎる！,1,太 冷
j13-2,冷,形容詞,早上的茶园比较冷，你最好多穿一点儿。,"Zǎoshang de cháyuán bǐjiào lěng, nǐ zuìhǎo duō chuān yìdiǎnr.",朝の茶畑は冷えるので、多めに着たほうがいいですよ。,3,比较 多 最好 冷 穿
j14-1,慢,形容詞,他走得很慢。,Tā zǒu de hěn màn.,彼は歩くのがゆっくりです。,1,很 慢 走 得
j14-2,慢,形容詞,我的中文进步得有点儿慢，但是我不着急。,"Wǒ de Zhōngwén jìnbù de yǒudiǎnr màn, dànshì wǒ bù zháojí.",私の中国語の上達はちょっと遅いけど、焦っていません。,3,不 有点儿 慢 着急 得
j15-1,新,形容詞,这本书是最新的。,Zhè běn shū shì zuì xīn de.,この本は最新のものです。,1,最 新 是
j15-2,新,形容詞,今年的新茶特别香，你尝尝吧。,"Jīnnián de xīn chá tèbié xiāng, nǐ chángchang ba.",今年の新茶はとても香りがいいので、飲んでみて。,2,特别 新 香
j16-1,高兴,形容詞,我今天特别高兴。,Wǒ jīntiān tèbié gāoxìng.,今日はすごくうれしいです。,1,特别 高兴
j16-2,高兴,形容詞,听说你要来奈良，我真高兴。,"Tīngshuō nǐ yào lái Nàiliáng, wǒ zhēn gāoxìng.",奈良に来ると聞いて、本当にうれしいです。,2,真 高兴 来 要 听说
j17-1,漂亮,形容詞,你的衣服很漂亮。,Nǐ de yīfu hěn piàoliang.,あなたの服、すてきですね。,1,很 漂亮
j17-2,漂亮,形容詞,秋天的奈良公园非常漂亮，一定要去看看。,"Qiūtiān de Nàiliáng gōngyuán fēicháng piàoliang, yídìng yào qù kànkan.",秋の奈良公園はとてもきれいなので、ぜひ見に行ってください。,3,一定 非常 漂亮 去 要
j18-1,有意思,形容詞,这部电影挺有意思的。,Zhè bù diànyǐng tǐng yǒu yìsi de.,この映画はけっこうおもしろいです。,2,挺 有意思
j18-2,有意思,形容詞,学中文越来越有意思了，我每天都练习。,"Xué Zhōngwén yuèláiyuè yǒu yìsi le, wǒ měitiān dōu liànxí.",中国語の勉強がどんどんおもしろくなって、毎日練習しています。,3,都 越来越 有意思 练习 学
j19-1,方便,形容詞,坐地铁最方便。,Zuò dìtiě zuì fāngbiàn.,地下鉄に乗るのが一番便利です。,1,最 方便 坐
j19-2,方便,形容詞,你什么时候比较方便？我去找你。,Nǐ shénme shíhou bǐjiào fāngbiàn? Wǒ qù zhǎo nǐ.,いつが都合いいですか？会いに行きます。,2,比较 方便 找 去
j20-1,不错,形容詞,这家店挺不错的。,Zhè jiā diàn tǐng búcuò de.,この店はなかなかいいですね。,1,挺 不错
j20-2,不错,形容詞,今年的茶叶质量非常不错，客人都很喜欢。,"Jīnnián de cháyè zhìliàng fēicháng búcuò, kèrén dōu hěn xǐhuan.",今年の茶葉は品質がとても良く、お客さんにも好評です。,3,非常 都 很 不错 喜欢
j21-1,早,形容詞,现在还早，不着急。,"Xiànzài hái zǎo, bù zháojí.",まだ早いから、急がなくていいよ。,1,不 还 早 着急 还
j21-2,早,形容詞,茶农每天都起得特别早，五点就去茶园。,"Chánóng měitiān dōu qǐ de tèbié zǎo, wǔ diǎn jiù qù cháyuán.",茶農家は毎日とても早起きで、5時にはもう茶畑へ行きます。,3,都 特别 就 早 点 去 得
j22-1,晚,形容詞,现在已经很晚了。,Xiànzài yǐjīng hěn wǎn le.,もうだいぶ遅い時間です。,1,已经 很 晚
j22-2,晚,形容詞,昨天我睡得比较晚，今天有点儿困。,"Zuótiān wǒ shuì de bǐjiào wǎn, jīntiān yǒudiǎnr kùn.",昨日は寝るのが遅かったので、今日はちょっと眠いです。,3,有点儿 比较 晚 困 睡 得
j23-1,好看,形容詞,这部电视剧特别好看。,Zhè bù diànshìjù tèbié hǎokàn.,このドラマはすごくおもしろいです。,2,特别 好看
j23-2,好看,形容詞,你穿这件衣服比那件更好看。,Nǐ chuān zhè jiàn yīfu bǐ nà jiàn gèng hǎokàn.,こっちの服のほうが、あっちよりもっと似合いますよ。,2,更 好看 穿
j24-1,难,形容詞,这个问题太难了。,Zhège wèntí tài nán le.,この問題は難しすぎます。,1,太 难
j24-2,难,形容詞,汉字不难，声调比较难。,"Hànzì bù nán, shēngdiào bǐjiào nán.",漢字は難しくないけど、声調が難しいです。,2,不 比较 难
j25-1,容易,形容詞,这道题挺容易的。,Zhè dào tí tǐng róngyì de.,この問題はけっこう簡単です。,1,挺 容易
j25-2,容易,形容詞,对日本人来说，汉字比较容易记。,"Duì Rìběnrén láishuō, hànzì bǐjiào róngyì jì.",日本人にとって、漢字は覚えやすいです。,2,比较 容易 对 记
j26-1,饿,形容詞,我现在特别饿。,Wǒ xiànzài tèbié è.,今すごくお腹がすいています。,1,特别 饿
j26-2,饿,形容詞,我一点儿也不饿，你们先吃吧。,"Wǒ yìdiǎnr yě bú è, nǐmen xiān chī ba.",全然お腹すいてないので、先に食べてください。,2,不 先 也 饿 吃
j27-1,舒服,形容詞,我有点儿不舒服。,Wǒ yǒudiǎnr bù shūfu.,ちょっと体調が悪いです。,1,不 有点儿 舒服
j27-2,舒服,形容詞,在茶园里喝茶，吹着风，非常舒服。,"Zài cháyuán lǐ hē chá, chuī zhe fēng, fēicháng shūfu.",茶畑でお茶を飲みながら風に吹かれて、とても気持ちいいです。,2,在 非常 舒服 在 喝
j28-1,好喝,形容詞,这个茶真好喝！,Zhège chá zhēn hǎohē!,このお茶、本当においしい！,1,真 好喝
j28-2,好喝,形容詞,用山里的水泡茶，特别好喝。,"Yòng shān lǐ de shuǐ pào chá, tèbié hǎohē.",山の水でお茶をいれると、すごくおいしいです。,2,特别 好喝 用
j29-1,错,形容詞,我又坐错车了。,Wǒ yòu zuò cuò chē le.,また乗る電車を間違えました。,1,又 错 坐
j29-2,错,形容詞,这个地址好像写错了，你再看看。,"Zhège dìzhǐ hǎoxiàng xiě cuò le, nǐ zài kànkan.",この住所、書き間違えているみたいなので、もう一度見てみて。,2,再 好像 错 写
j30-1,高,形容詞,这座山非常高。,Zhè zuò shān fēicháng gāo.,この山はとても高いです。,1,非常 高
j30-2,高,形容詞,茶园在比较高的地方，早上常常有雾。,"Cháyuán zài bǐjiào gāo de dìfang, zǎoshang chángcháng yǒu wù.",茶畑は高めの場所にあるので、朝はよく霧が出ます。,3,在 比较 常常 高 在 有
j31-1,长,形容詞,这条路有点儿长。,Zhè tiáo lù yǒudiǎnr cháng.,この道はちょっと長いです。,1,有点儿 长
j31-2,长,形容詞,中国的假期比日本长一点儿，真羡慕。,"Zhōngguó de jiàqī bǐ Rìběn cháng yìdiǎnr, zhēn xiànmù.",中国の休みは日本より少し長くて、うらやましいです。,3,真 长
j32-1,短,形容詞,我的头发比较短。,Wǒ de tóufa bǐjiào duǎn.,私の髪は短めです。,1,比较 短
j32-2,短,形容詞,这条裤子有点儿短，有没有长一点儿的？,"Zhè tiáo kùzi yǒudiǎnr duǎn, yǒu méiyǒu cháng yìdiǎnr de?",このズボンはちょっと短いので、もう少し長いのはありますか？,3,有点儿 没有 长 短 有 没有
j33-1,重要,形容詞,健康最重要。,Jiànkāng zuì zhòngyào.,健康がいちばん大事です。,1,最 重要 健康
j33-2,重要,形容詞,种茶的时候，土和水都特别重要。,"Zhòng chá de shíhou, tǔ hé shuǐ dōu tèbié zhòngyào.",お茶を育てるときは、土も水もとても大切です。,2,都 特别 重要
j34-1,简单,形容詞,中文语法比较简单。,Zhōngwén yǔfǎ bǐjiào jiǎndān.,中国語の文法は比較的シンプルです。,1,比较 简单
j34-2,简单,形容詞,泡绿茶的方法非常简单，我教你吧。,"Pào lǜchá de fāngfǎ fēicháng jiǎndān, wǒ jiāo nǐ ba.",緑茶のいれ方はとても簡単なので、教えてあげますよ。,3,非常 简单 教
j35-1,开心,形容詞,孩子们都很开心。,Háizimen dōu hěn kāixīn.,子どもたちはみんな楽しそうです。,1,都 很 开心
j35-2,开心,形容詞,跟朋友一起采茶，大家都特别开心。,"Gēn péngyou yìqǐ cǎi chá, dàjiā dōu tèbié kāixīn.",友達と一緒にお茶を摘んで、みんなすごく楽しそうでした。,3,一起 都 特别 开心 跟
j36-1,可爱,形容詞,你女儿真可爱。,Nǐ nǚ'ér zhēn kě'ài.,娘さん、本当にかわいいですね。,1,真 可爱
j36-2,可爱,形容詞,奈良的鹿非常可爱，但是有时候有点儿凶。,"Nàiliáng de lù fēicháng kě'ài, dànshì yǒushíhou yǒudiǎnr xiōng.",奈良の鹿はとてもかわいいけど、たまにちょっと気が荒いです。,3,有点儿 非常 有时候 可爱
j37-1,干净,形容詞,房间打扫得非常干净。,Fángjiān dǎsǎo de fēicháng gānjìng.,部屋はとてもきれいに掃除されています。,2,非常 干净 得
j37-2,干净,形容詞,这里的水特别干净，可以直接喝。,"Zhèlǐ de shuǐ tèbié gānjìng, kěyǐ zhíjiē hē.",ここの水はとてもきれいなので、そのまま飲めます。,2,特别 干净 可以 喝
j38-1,辣,形容詞,这个菜太辣了！,Zhège cài tài là le!,この料理、辛すぎる！,1,太 辣
j38-2,辣,形容詞,我不太能吃辣的，请少放一点儿辣椒。,"Wǒ bú tài néng chī là de, qǐng shǎo fàng yìdiǎnr làjiāo.",辛いものはあまり得意ではないので、唐辛子は少なめにしてください。,3,不 太 辣 少 能 请 放 吃
j39-1,甜,形容詞,这个西瓜真甜！,Zhège xīguā zhēn tián!,このスイカ、本当に甘い！,1,真 甜
j39-2,甜,形容詞,好的绿茶喝完以后，嘴里有点儿甜。,"Hǎo de lǜchá hē wán yǐhòu, zuǐ lǐ yǒudiǎnr tián.",いい緑茶は飲んだあと、口の中がほんのり甘いです。,3,有点儿 好 甜 喝 完
j40-1,困,形容詞,吃完饭有点儿困了。,Chī wán fàn yǒudiǎnr kùn le.,ご飯を食べたら、ちょっと眠くなりました。,1,有点儿 困 完 吃
j40-2,困,形容詞,昨天只睡了四个小时，现在特别困。,"Zuótiān zhǐ shuì le sì ge xiǎoshí, xiànzài tèbié kùn.",昨日は4時間しか寝ていないので、今すごく眠いです。,3,只 特别 困 睡
j41-1,渴,形容詞,天气太热，我很渴。,"Tiānqì tài rè, wǒ hěn kě.",暑くてのどがからからです。,1,很 太 热 渴
j41-2,渴,形容詞,干了一上午活，大家都非常渴。,"Gàn le yí shàngwǔ huó, dàjiā dōu fēicháng kě.",午前中ずっと作業して、みんなとてものどが渇いています。,2,非常 都 渴 干
j42-1,好玩,形容詞,这个游戏挺好玩的。,Zhège yóuxì tǐng hǎowán de.,このゲームはけっこう楽しいです。,1,挺 好玩
j42-2,好玩,形容詞,你觉得奈良和京都，哪个更好玩？,"Nǐ juéde Nàiliáng hé Jīngdū, nǎge gèng hǎowán?",奈良と京都、どっちが楽しいと思いますか？,2,更 好玩 觉得
j43-1,一样,形容詞,我跟你一样，也是日本人。,"Wǒ gēn nǐ yíyàng, yě shì Rìběnrén.",私もあなたと同じく日本人です。,2,也 一样 是 跟
j43-2,一样,形容詞,这两种茶看起来差不多，但是味道不太一样。,"Zhè liǎng zhǒng chá kàn qǐlai chàbuduō, dànshì wèidao bú tài yíyàng.",この2種類のお茶は見た目はほぼ同じだけど、味はちょっと違います。,3,不 差不多 太 一样 看 起来
j44-1,有名,形容詞,奈良的鹿很有名。,Nàiliáng de lù hěn yǒumíng.,奈良の鹿は有名です。,1,很 有名
j44-2,有名,形容詞,这里的茶在日本比较有名，你听说过吗？,"Zhèlǐ de chá zài Rìběn bǐjiào yǒumíng, nǐ tīngshuō guo ma?",ここのお茶は日本ではわりと有名ですが、聞いたことありますか？,3,在 比较 有名 过 在 听说
j45-1,厉害,形容詞,他的中文特别厉害。,Tā de Zhōngwén tèbié lìhai.,彼の中国語はすごく上手です。,1,特别 厉害
j45-2,厉害,形容詞,昨天雨下得太厉害了，我们没去茶园。,"Zuótiān yǔ xià de tài lìhai le, wǒmen méi qù cháyuán.",昨日は雨がひどかったので、茶畑に行きませんでした。,3,没 太 厉害 去 得 下
j46-1,帅,形容詞,这个演员特别帅。,Zhège yǎnyuán tèbié shuài.,この俳優はすごくかっこいいです。,1,特别 帅
j46-2,帅,形容詞,他穿上西装以后，看起来更帅了。,"Tā chuān shàng xīzhuāng yǐhòu, kàn qǐlai gèng shuài le.",彼はスーツを着ると、もっとかっこよく見えます。,2,更 帅 看 起来 上 穿
j47-1,好听,形容詞,你的声音真好听。,Nǐ de shēngyīn zhēn hǎotīng.,声がとてもきれいですね。,1,真 好听
j47-2,好听,形容詞,中文的声调听起来像唱歌一样，非常好听。,"Zhōngwén de shēngdiào tīng qǐlai xiàng chànggē yíyàng, fēicháng hǎotīng.",中国語の声調は歌のように聞こえて、とてもきれいです。,3,非常 一样 好听 起来 听 唱歌 像
j48-1,安静,形容詞,晚上的茶园特别安静。,Wǎnshang de cháyuán tèbié ānjìng.,夜の茶畑はとても静かです。,2,特别 安静
j48-2,安静,形容詞,我想找一家比较安静的咖啡店。,Wǒ xiǎng zhǎo yì jiā bǐjiào ānjìng de kāfēidiàn.,静かめのカフェを探したいです。,2,比较 安静 找 想
j49-1,认真,形容詞,你学得真认真。,Nǐ xué de zhēn rènzhēn.,本当にまじめに勉強していますね。,1,真 认真 得 学
j49-2,认真,形容詞,他做什么事都特别认真，大家都很信任他。,"Tā zuò shénme shì dōu tèbié rènzhēn, dàjiā dōu hěn xìnrèn tā.",彼は何事にもとてもまじめで、みんなに信頼されています。,3,都 特别 很 认真 做
j50-1,香,形容詞,刚炒好的茶叶非常香。,Gāng chǎo hǎo de cháyè fēicháng xiāng.,炒りたての茶葉はとても香りがいいです。,2,非常 刚 好 香
j50-2,香,形容詞,这种花不太香，但是颜色很漂亮。,"Zhè zhǒng huā bú tài xiāng, dànshì yánsè hěn piàoliang.",この花はあまり香りがないけど、色がきれいです。,2,不 很 太 漂亮 香 花
j51-1,新鲜,形容詞,这些蔬菜特别新鲜。,Zhèxiē shūcài tèbié xīnxiān.,この野菜はとても新鮮です。,1,特别 新鲜
j51-2,新鲜,形容詞,早上的市场最热闹，水果也最新鲜。,"Zǎoshang de shìchǎng zuì rènao, shuǐguǒ yě zuì xīnxiān.",朝の市場が一番にぎやかで、果物も一番新鮮です。,3,最 也 新鲜 热闹
j52-1,凉快,形容詞,山上比较凉快。,Shān shàng bǐjiào liángkuai.,山の上は比較的涼しいです。,1,比较 凉快 上
j52-2,凉快,形容詞,到了秋天，晚上越来越凉快了。,"Dào le qiūtiān, wǎnshang yuèláiyuè liángkuai le.",秋になって、夜がどんどん涼しくなってきました。,2,越来越 凉快 到
j53-1,暖和,形容詞,房间里非常暖和。,Fángjiān lǐ fēicháng nuǎnhuo.,部屋の中はとても暖かいです。,1,非常 暖和
j53-2,暖和,形容詞,今年冬天比较暖和，茶树长得很好。,"Jīnnián dōngtiān bǐjiào nuǎnhuo, cháshù zhǎng de hěn hǎo.",今年の冬は暖かめだったので、茶の木がよく育っています。,3,比较 很 好 长 暖和 得
j54-1,不好意思,形容詞,我有点儿不好意思。,Wǒ yǒudiǎnr bù hǎoyìsi.,ちょっと照れくさいです。,1,有点儿 不好意思
j54-2,不好意思,形容詞,让你等了这么久，真的很不好意思。,"Ràng nǐ děng le zhème jiǔ, zhēnde hěn bù hǎoyìsi.",こんなに長くお待たせして、本当に申し訳ありません。,3,真的 很 不好意思 久 等 让
j55-1,着急,形容詞,他好像很着急。,Tā hǎoxiàng hěn zháojí.,彼はなんだか焦っているようです。,1,好像 很 着急
j55-2,着急,形容詞,飞机快要起飞了，我现在非常着急。,"Fēijī kuàiyào qǐfēi le, wǒ xiànzài fēicháng zháojí.",飛行機がもうすぐ出発するので、今すごく焦っています。,3,非常 快要 着急
j56-1,辛苦,形容詞,做老师挺辛苦的。,Zuò lǎoshī tǐng xīnkǔ de.,先生の仕事はけっこう大変です。,1,挺 辛苦 做
j56-2,辛苦,形容詞,夏天在茶园拔草，真的非常辛苦。,"Xiàtiān zài cháyuán bá cǎo, zhēnde fēicháng xīnkǔ.",夏に茶畑で草取りをするのは、本当に大変です。,2,在 非常 真的 辛苦 在
j57-1,清楚,形容詞,我不太清楚。,Wǒ bú tài qīngchu.,よくわかりません。,1,不 太 清楚
j57-2,清楚,形容詞,老师讲得非常清楚，我一下子就懂了。,"Lǎoshī jiǎng de fēicháng qīngchu, wǒ yíxiàzi jiù dǒng le.",先生の説明がとてもわかりやすくて、すぐに理解できました。,3,非常 就 清楚 讲 得 懂
j58-1,难吃,形容詞,飞机上的饭真难吃。,Fēijī shàng de fàn zhēn nánchī.,機内食は本当にまずい。,1,真 难吃 上
j58-2,难吃,形容詞,那家店又贵又难吃，我们别去了。,"Nà jiā diàn yòu guì yòu nánchī, wǒmen bié qù le.",あの店は高いしまずいから、行くのはやめよう。,2,又 别 贵 难吃 去
j59-1,饱,形容詞,谢谢，我太饱了。,"Xièxie, wǒ tài bǎo le.",ありがとう、もうお腹がいっぱいです。,1,太 饱 谢谢
j59-2,饱,形容詞,今天吃得特别饱，晚饭不想吃了。,"Jīntiān chī de tèbié bǎo, wǎnfàn bù xiǎng chī le.",今日はたくさん食べたので、夕飯はいらないです。,2,不 特别 饱 得 想 吃
j60-1,健康,形容詞,自然的食物比较健康。,Zìrán de shíwù bǐjiào jiànkāng.,自然な食べ物のほうが健康的です。,2,比较 自然 健康
j60-2,健康,形容詞,每天喝一点儿绿茶，身体会更健康。,"Měitiān hē yìdiǎnr lǜchá, shēntǐ huì gèng jiànkāng.",毎日緑茶を少し飲むと、もっと健康になれます。,3,更 健康 会 喝
j61-1,年轻,形容詞,我妈妈特别年轻。,Wǒ māma tèbié niánqīng.,母はとても若いです。,1,特别 年轻
j61-2,年轻,形容詞,他比我年轻五岁，但是经验更多。,"Tā bǐ wǒ niánqīng wǔ suì, dànshì jīngyàn gèng duō.",彼は私より5歳若いけど、経験はもっと豊富です。,2,更 多 年轻
j62-1,胖,形容詞,这只猫好胖啊。,Zhè zhī māo hǎo pàng a.,この猫、すごく太ってる。,1,只 好 胖
j62-2,胖,形容詞,过年的时候吃得太多，我又胖了。,"Guònián de shíhou chī de tài duō, wǒ yòu pàng le.",お正月に食べすぎて、また太りました。,2,又 多 太 胖 得 吃
j63-1,瘦,形容詞,这条裤子太瘦了。,Zhè tiáo kùzi tài shòu le.,このズボンは細すぎてきついです。,1,太 瘦
j63-2,瘦,形容詞,他每天跑步，比去年瘦了很多。,"Tā měitiān pǎobù, bǐ qùnián shòu le hěn duō.",彼は毎日走っていて、去年よりずいぶんやせました。,2,很 多 瘦
j64-1,旧,形容詞,这双鞋有点儿旧。,Zhè shuāng xié yǒudiǎnr jiù.,この靴はちょっと古いです。,1,有点儿 旧
j64-2,旧,形容詞,这个茶壶虽然比较旧，但是我最喜欢。,"Zhège cháhú suīrán bǐjiào jiù, dànshì wǒ zuì xǐhuan.",このきゅうすは古いけど、一番のお気に入りです。,3,最 比较 旧 喜欢
j65-1,紧张,形容詞,我现在非常紧张。,Wǒ xiànzài fēicháng jǐnzhāng.,今とても緊張しています。,1,非常 紧张
j65-2,紧张,形容詞,第一次用中文打电话，我有点儿紧张。,"Dì-yī cì yòng Zhōngwén dǎ diànhuà, wǒ yǒudiǎnr jǐnzhāng.",初めて中国語で電話をかけるので、ちょっと緊張します。,3,有点儿 紧张 用 打
j66-1,难过,形容詞,别太难过了。,Bié tài nánguò le.,あまり落ち込まないで。,1,别 太 难过
j66-2,难过,形容詞,朋友要回国了，大家都特别难过。,"Péngyou yào huíguó le, dàjiā dōu tèbié nánguò.",友達が帰国してしまうので、みんなとても悲しんでいます。,2,都 特别 难过 要
j67-1,满意,形容詞,客人都非常满意。,Kèrén dōu fēicháng mǎnyì.,お客さんはみんなとても満足しています。,1,非常 都 满意
j67-2,满意,形容詞,今年的茶做得比去年好，我比较满意。,"Jīnnián de chá zuò de bǐ qùnián hǎo, wǒ bǐjiào mǎnyì.",今年のお茶は去年よりよくできて、わりと満足しています。,3,比较 好 满意 做 得
j68-1,奇怪,形容詞,他今天真奇怪。,Tā jīntiān zhēn qíguài.,彼、今日は本当に変だよ。,1,真 奇怪
j68-2,奇怪,形容詞,这个味道很奇怪，牛奶是不是坏了？,"Zhège wèidao hěn qíguài, niúnǎi shì bu shì huài le?",変な味がするけど、牛乳が悪くなってるんじゃない？,3,很 奇怪
j69-1,复杂,形容詞,这个手续太复杂了。,Zhège shǒuxù tài fùzá le.,この手続きは複雑すぎます。,1,太 复杂
j69-2,复杂,形容詞,做红茶的过程比绿茶更复杂。,Zuò hóngchá de guòchéng bǐ lǜchá gèng fùzá.,紅茶を作る工程は、緑茶よりもっと複雑です。,2,更 复杂 做
j70-1,危险,形容詞,这里太危险了！,Zhèlǐ tài wēixiǎn le!,ここは危なすぎる！,1,太 危险
j70-2,危险,形容詞,下雨以后山路特别危险，开车要小心。,"Xiàyǔ yǐhòu shānlù tèbié wēixiǎn, kāichē yào xiǎoxīn.",雨のあとは山道がとても危ないので、運転に気をつけて。,3,特别 危险 开车 小心 下雨 要
j71-1,安全,形容詞,坐地铁比较安全。,Zuò dìtiě bǐjiào ānquán.,地下鉄に乗るほうが安全です。,1,比较 安全 坐
j71-2,安全,形容詞,我们的茶不用农药，小孩儿喝也特别安全。,"Wǒmen de chá búyòng nóngyào, xiǎoháir hē yě tèbié ānquán.",うちのお茶は農薬を使っていないので、子どもが飲んでも安心です。,3,也 特别 不用 安全 喝
j72-1,热闹,形容詞,春节的时候最热闹。,Chūnjié de shíhou zuì rènao.,春節のころが一番にぎやかです。,1,最 热闹
j72-2,热闹,形容詞,采茶节的时候，村子里特别热闹。,"Cǎi chá jié de shíhou, cūnzi lǐ tèbié rènao.",茶摘み祭りのときは、村がとてもにぎやかです。,2,特别 热闹
j73-1,咸,形容詞,今天的汤太咸了。,Jīntiān de tāng tài xián le.,今日のスープはしょっぱすぎます。,1,太 咸
j73-2,咸,形容詞,医生说我吃得太咸了，要少放盐。,"Yīshēng shuō wǒ chī de tài xián le, yào shǎo fàng yán.",医者に塩分の取りすぎだと言われたので、塩を控えないと。,2,太 少 咸 得 说 要 放 吃
j74-1,苦,形容詞,这个药非常苦。,Zhège yào fēicháng kǔ.,この薬はとても苦いです。,1,非常 苦
j74-2,苦,形容詞,水太热的话，绿茶会有点儿苦。,"Shuǐ tài rè de huà, lǜchá huì yǒudiǎnr kǔ.",お湯が熱すぎると、緑茶が少し苦くなります。,2,有点儿 太 热 苦 会
j75-1,酸,形容詞,这种酸奶不太酸。,Zhè zhǒng suānnǎi bú tài suān.,このヨーグルトはあまりすっぱくないです。,1,不 太 酸
j75-2,酸,形容詞,我走了一天的路，腿特别酸。,"Wǒ zǒu le yì tiān de lù, tuǐ tèbié suān.",一日中歩いて、足がすごくだるいです。,2,特别 酸 走
j76-1,重,形容詞,你的行李真重啊。,Nǐ de xíngli zhēn zhòng a.,荷物、本当に重いですね。,1,真 重
j76-2,重,形容詞,一箱茶叶不太重，我一个人拿得动。,"Yì xiāng cháyè bú tài zhòng, wǒ yí ge rén ná de dòng.",茶葉1箱はそれほど重くないので、ひとりで持てます。,3,不 太 重 得 拿
j77-1,轻,形容詞,新的电脑特别轻。,Xīn de diànnǎo tèbié qīng.,新しいパソコンはとても軽いです。,1,特别 新 轻
j77-2,轻,形容詞,这种茶杯比一般的更轻，带着很方便。,"Zhè zhǒng chábēi bǐ yìbān de gèng qīng, dài zhe hěn fāngbiàn.",この湯のみは普通のより軽いので、持ち歩くのに便利です。,3,更 很 一般 方便 轻 带
j78-1,久,形容詞,你等了很久吗？,Nǐ děng le hěn jiǔ ma?,長く待ちましたか？,1,很 久 等
j78-2,久,形容詞,我在中国住了比较久，所以很习惯。,"Wǒ zài Zhōngguó zhù le bǐjiào jiǔ, suǒyǐ hěn xíguàn.",中国にわりと長く住んでいたので、慣れています。,3,在 比较 很 久 在 习惯 住
j79-1,美,形容詞,今天的夕阳真美。,Jīntiān de xīyáng zhēn měi.,今日の夕日は本当にきれいです。,1,真 美
j79-2,美,形容詞,早上起雾的时候，茶园特别美。,"Zǎoshang qǐ wù de shíhou, cháyuán tèbié měi.",朝霧が出ているとき、茶畑はとても美しいです。,2,特别 美
j80-1,难受,形容詞,我胃有点儿难受。,Wǒ wèi yǒudiǎnr nánshòu.,胃がちょっと気持ち悪いです。,1,有点儿 难受
j80-2,难受,形容詞,昨天喝了太多酒，今天一直很难受。,"Zuótiān hē le tài duō jiǔ, jīntiān yìzhí hěn nánshòu.",昨日お酒を飲みすぎて、今日はずっと気分が悪いです。,3,一直 很 多 太 难受 喝
j81-1,客气,形容詞,你太客气了。,Nǐ tài kèqi le.,そんなに気を遣わないでください。,1,太 客气
j81-2,客气,形容詞,这里的人都非常客气，也很热情。,"Zhèlǐ de rén dōu fēicháng kèqi, yě hěn rèqíng.",ここの人たちはみんなとても礼儀正しくて、親切です。,2,也 非常 都 很 客气 热情
j82-1,聪明,形容詞,这只狗特别聪明。,Zhè zhī gǒu tèbié cōngming.,この犬はすごく賢いです。,1,只 特别 聪明
j82-2,聪明,形容詞,她很聪明，学什么都比别人快。,"Tā hěn cōngming, xué shénme dōu bǐ biérén kuài.",彼女は頭がよくて、何を学んでも人より早いです。,2,都 很 快 聪明 学
j83-1,热情,形容詞,老板对我们特别热情。,Lǎobǎn duì wǒmen tèbié rèqíng.,店主は私たちにとても親切です。,2,特别 对 热情
j83-2,热情,形容詞,村里的人都很热情，常常请我喝茶。,"Cūn lǐ de rén dōu hěn rèqíng, chángcháng qǐng wǒ hē chá.",村の人はみんな親切で、よくお茶に誘ってくれます。,3,都 很 常常 热情 喝 请
j84-1,合适,形容詞,这个价格比较合适。,Zhège jiàgé bǐjiào héshì.,この値段は手ごろです。,1,比较 合适
j84-2,合适,形容詞,八十度左右的水泡绿茶最合适。,Bāshí dù zuǒyòu de shuǐ pào lǜchá zuì héshì.,80度くらいのお湯が、緑茶をいれるのに一番合っています。,2,最 合适
j85-1,顺利,形容詞,今天的会议很顺利。,Jīntiān de huìyì hěn shùnlì.,今日の会議は順調でした。,1,很 顺利
j85-2,顺利,形容詞,今年天气好，采茶进行得非常顺利。,"Jīnnián tiānqì hǎo, cǎi chá jìnxíng de fēicháng shùnlì.",今年は天気がよく、茶摘みがとても順調に進みました。,3,非常 好 顺利 得
j86-1,轻松,形容詞,周末过得挺轻松的。,Zhōumò guò de tǐng qīngsōng de.,週末はのんびり過ごしました。,1,挺 轻松 过 得
j86-2,轻松,形容詞,考完试了，现在心里特别轻松。,"Kǎo wán shì le, xiànzài xīnli tèbié qīngsōng.",試験が終わって、今は気持ちがすごく楽です。,2,特别 轻松 完 试
j87-1,无聊,形容詞,一个人在家有点儿无聊。,Yí ge rén zài jiā yǒudiǎnr wúliáo.,ひとりで家にいるのはちょっと退屈です。,2,有点儿 在 无聊 在
j87-2,无聊,形容詞,下雨天不能去茶园，真的很无聊。,"Xiàyǔ tiān bù néng qù cháyuán, zhēnde hěn wúliáo.",雨の日は茶畑に行けなくて、本当に退屈です。,2,不 真的 很 无聊 能 下雨 去
j88-1,没意思,形容詞,一个人吃饭太没意思了。,Yí ge rén chīfàn tài méi yìsi le.,ひとりでご飯を食べるのはつまらなすぎる。,2,太 没意思 吃饭
j88-2,没意思,形容詞,那本书我看了一半，觉得有点儿没意思。,"Nà běn shū wǒ kàn le yíbàn, juéde yǒudiǎnr méi yìsi.",あの本は半分読んだけど、ちょっとつまらなかったです。,3,有点儿 没意思 看 觉得
j89-1,有用,形容詞,你的建议真有用。,Nǐ de jiànyì zhēn yǒuyòng.,アドバイス、本当に役に立ちました。,1,真 有用 建议
j89-2,有用,形容詞,学一点儿中文，去中国旅游的时候特别有用。,"Xué yìdiǎnr Zhōngwén, qù Zhōngguó lǚyóu de shíhou tèbié yǒuyòng.",中国語を少し学んでおくと、中国旅行のときにとても役立ちます。,3,特别 有用 旅游 去 学
j90-1,好用,形容詞,这把剪刀挺好用的。,Zhè bǎ jiǎndāo tǐng hǎoyòng de.,このはさみはけっこう使いやすいです。,1,挺 好用
j90-2,好用,形容詞,我觉得这个茶壶比那个更好用。,Wǒ juéde zhège cháhú bǐ nàge gèng hǎoyòng.,このきゅうすのほうが、あれより使いやすいと思います。,2,更 好用 觉得
j91-1,正常,形容詞,他的体温已经正常了。,Tā de tǐwēn yǐjīng zhèngcháng le.,彼の体温はもう平熱に戻りました。,2,已经 正常
j91-2,正常,形容詞,刚开始学的时候听不懂，这是非常正常的。,"Gāng kāishǐ xué de shíhou tīng bu dǒng, zhè shì fēicháng zhèngcháng de.",学び始めたばかりで聞き取れないのは、ごく普通のことです。,3,不 非常 刚 正常 是 听 懂 学 开始
j92-1,棒,形容詞,今天的天气真棒。,Jīntiān de tiānqì zhēn bàng.,今日はすごくいい天気です。,1,真 棒
j92-2,棒,形容詞,这次旅行非常棒，我明年还想再来。,"Zhècì lǚxíng fēicháng bàng, wǒ míngnián hái xiǎng zài lái.",今回の旅行は最高でした。来年もまた来たいです。,3,再 非常 还 棒 还 来 想
j93-1,吵,形容詞,这家饭馆太吵了。,Zhè jiā fànguǎn tài chǎo le.,このレストランはうるさすぎます。,1,太 吵
j93-2,吵,形容詞,我的房间在马路旁边，晚上特别吵。,"Wǒ de fángjiān zài mǎlù pángbiān, wǎnshang tèbié chǎo.",私の部屋は大通りのそばなので、夜はすごくうるさいです。,3,在 特别 吵 在
j94-1,脏,形容詞,这双鞋已经很脏了。,Zhè shuāng xié yǐjīng hěn zāng le.,この靴はもうかなり汚れています。,1,已经 很 脏
j94-2,脏,形容詞,在茶园干活，衣服一天就脏了。,"Zài cháyuán gànhuó, yīfu yì tiān jiù zāng le.",茶畑で作業すると、服は一日で汚れてしまいます。,2,在 就 脏 在
j95-1,难看,形容詞,我的字真难看。,Wǒ de zì zhēn nánkàn.,私の字は本当に汚いです。,1,真 难看
j95-2,难看,形容詞,他生气的时候，脸色特别难看。,"Tā shēngqì de shíhou, liǎnsè tèbié nánkàn.",彼は怒ると、顔色がとても険しくなります。,2,特别 难看 生气
j96-1,快乐,形容詞,孩子们玩得非常快乐。,Háizimen wán de fēicháng kuàilè.,子どもたちはとても楽しそうに遊んでいます。,2,非常 快乐 得 玩
j96-2,快乐,形容詞,跟家人在一起的时间，总是特别快乐。,"Gēn jiārén zài yìqǐ de shíjiān, zǒngshì tèbié kuàilè.",家族と一緒にいる時間は、いつもとても楽しいです。,3,一起 在 特别 总是 快乐 跟 在
j97-1,幸福,形容詞,他们一家真幸福。,Tāmen yìjiā zhēn xìngfú.,あの一家は本当に幸せそうです。,1,真 幸福
j97-2,幸福,形容詞,每天早上在茶园喝一杯茶，我觉得非常幸福。,"Měitiān zǎoshang zài cháyuán hē yì bēi chá, wǒ juéde fēicháng xìngfú.",毎朝茶畑でお茶を一杯飲むと、とても幸せな気持ちになります。,3,在 非常 幸福 在 觉得 喝
j98-1,伤心,形容詞,我真的很伤心。,Wǒ zhēnde hěn shāngxīn.,本当に悲しいです。,1,真的 很 伤心
j98-2,伤心,形容詞,养了十年的狗死了，我们都非常伤心。,"Yǎng le shí nián de gǒu sǐ le, wǒmen dōu fēicháng shāngxīn.",10年飼った犬が死んで、みんなとても悲しんでいます。,3,非常 都 伤心
j99-1,红,形容詞,你的脸好红啊。,Nǐ de liǎn hǎo hóng a.,顔、すごく赤いですよ。,1,好 红
j99-2,红,形容詞,喝了一点儿酒，他的脸马上就红了。,"Hē le yìdiǎnr jiǔ, tā de liǎn mǎshàng jiù hóng le.",お酒を少し飲んだだけで、彼の顔はすぐ赤くなりました。,3,马上 就 红 喝
j100-1,白,形容詞,下了雪，外面都白了。,"Xià le xuě, wàimiàn dōu bái le.",雪が降って、外が真っ白になりました。,1,都 白 下
j100-2,白,形容詞,他的头发越来越白了，看起来老了很多。,"Tā de tóufa yuèláiyuè bái le, kàn qǐlai lǎo le hěn duō.",彼の髪はどんどん白くなって、ずいぶん老けて見えます。,3,很 多 老 越来越 白 看 起来
j101-1,黑,形容詞,你晒得好黑啊！,Nǐ shài de hǎo hēi a!,ずいぶん日焼けしましたね！,1,好 黑 得
j101-2,黑,形容詞,山里晚上特别黑，一定要带手电筒。,"Shān lǐ wǎnshang tèbié hēi, yídìng yào dài shǒudiàntǒng.",山の中は夜とても暗いので、必ず懐中電灯を持っていって。,3,一定 特别 黑 要 带
j102-1,烦,形容詞,每天加班，真烦。,"Měitiān jiābān, zhēn fán.",毎日残業で、本当にうんざり。,1,真 烦 加班
j102-2,烦,形容詞,天天下雨，不能去茶园，心里有点儿烦。,"Tiāntiān xiàyǔ, bù néng qù cháyuán, xīnli yǒudiǎnr fán.",毎日雨で茶畑に行けなくて、ちょっとイライラします。,3,不 有点儿 烦 能 下雨 去
j103-1,淡,形容詞,这个汤太淡了。,Zhège tāng tài dàn le.,このスープは味が薄すぎます。,1,太 淡
j103-2,淡,形容詞,第三泡的茶比较淡，但是更甜。,"Dì-sān pào de chá bǐjiào dàn, dànshì gèng tián.",三煎目のお茶は薄めですが、もっと甘いです。,2,比较 更 淡 甜
j104-1,浓,形容詞,这杯茶太浓了。,Zhè bēi chá tài nóng le.,このお茶は濃すぎます。,1,太 浓
j104-2,浓,形容詞,抹茶的味道特别浓，第一次喝可能觉得苦。,"Mǒchá de wèidao tèbié nóng, dì-yī cì hē kěnéng juéde kǔ.",抹茶は味がとても濃いので、初めてだと苦く感じるかもしれません。,3,可能 特别 浓 苦 觉得 喝
j105-1,矮,形容詞,这张桌子有点儿矮。,Zhè zhāng zhuōzi yǒudiǎnr ǎi.,この机はちょっと低いです。,1,有点儿 矮
j105-2,矮,形容詞,茶树不能长得太高，所以我们剪得比较矮。,"Cháshù bù néng zhǎng de tài gāo, suǒyǐ wǒmen jiǎn de bǐjiào ǎi.",茶の木は高くなりすぎてはいけないので、低めに刈り込んでいます。,3,不 比较 太 矮 高 长 能 得
j106-1,低,形容詞,这里的工资比较低。,Zhèlǐ de gōngzī bǐjiào dī.,ここは給料が低めです。,1,比较 低
j106-2,低,形容詞,冬天的早上气温特别低，茶树怕霜。,"Dōngtiān de zǎoshang qìwēn tèbié dī, cháshù pà shuāng.",冬の朝は気温がとても低く、茶の木は霜に弱いです。,3,特别 低 怕
j107-1,懒,形容詞,我太懒了，不想动。,"Wǒ tài lǎn le, bù xiǎng dòng.",面倒くさくて、動きたくない。,1,不 太 懒 想
j107-2,懒,形容詞,我弟弟特别懒，每天都睡到中午。,"Wǒ dìdi tèbié lǎn, měitiān dōu shuì dào zhōngwǔ.",弟はすごく怠け者で、毎日昼まで寝ています。,2,都 特别 懒 睡 到
j108-1,笨,形容詞,我的手有点儿笨。,Wǒ de shǒu yǒudiǎnr bèn.,私はちょっと不器用です。,1,有点儿 笨
j108-2,笨,形容詞,别说自己笨，你已经进步很多了。,"Bié shuō zìjǐ bèn, nǐ yǐjīng jìnbù hěn duō le.",自分をばかだなんて言わないで、もうずいぶん上達しましたよ。,2,已经 别 很 多 笨 说
j109-1,失望,形容詞,我对他非常失望。,Wǒ duì tā fēicháng shīwàng.,彼にはとても失望しました。,1,非常 失望 对
j109-2,失望,形容詞,这家店很有名，可是吃了以后有点儿失望。,"Zhè jiā diàn hěn yǒumíng, kěshì chī le yǐhòu yǒudiǎnr shīwàng.",この店は有名だけど、食べてみたらちょっとがっかりでした。,3,有点儿 很 失望 有名 吃
j110-1,激动,形容詞,大家都很激动。,Dàjiā dōu hěn jīdòng.,みんなとても興奮しています。,1,都 很 激动
j110-2,激动,形容詞,比赛赢了，球迷们都特别激动。,"Bǐsài yíng le, qiúmímen dōu tèbié jīdòng.",試合に勝って、ファンはみんなすごく興奮しています。,2,都 特别 激动
j111-1,兴奋,形容詞,我现在有点儿兴奋。,Wǒ xiànzài yǒudiǎnr xīngfèn.,今ちょっとわくわくしています。,1,有点儿 兴奋
j111-2,兴奋,形容詞,第一次去中国，我兴奋得一直睡不着。,"Dì-yī cì qù Zhōngguó, wǒ xīngfèn de yìzhí shuì bu zháo.",初めて中国に行くので、興奮してずっと眠れません。,3,不 一直 兴奋 睡 去 得
j112-1,友好,形容詞,那里的人非常友好。,Nàlǐ de rén fēicháng yǒuhǎo.,そこの人たちはとてもフレンドリーです。,1,非常 友好
j112-2,友好,形容詞,中国朋友对我一直特别友好，我很感谢他们。,"Zhōngguó péngyou duì wǒ yìzhí tèbié yǒuhǎo, wǒ hěn gǎnxiè tāmen.",中国の友達はずっと私にとても親切で、本当に感謝しています。,3,一直 特别 很 友好 对 感谢
j113-1,温柔,形容詞,你姐姐真温柔。,Nǐ jiějie zhēn wēnróu.,お姉さん、本当に優しいですね。,1,真 温柔
j113-2,温柔,形容詞,他看起来很严肃，其实非常温柔。,"Tā kàn qǐlai hěn yánsù, qíshí fēicháng wēnróu.",彼は厳しそうに見えて、実はとても優しいです。,2,非常 其实 很 温柔 看 起来
j114-1,严格,形容詞,他爸爸太严格了。,Tā bàba tài yángé le.,彼のお父さんは厳しすぎます。,1,太 严格
j114-2,严格,形容詞,有机茶的标准比一般的茶更严格。,Yǒujī chá de biāozhǔn bǐ yìbān de chá gèng yángé.,有機茶の基準は、普通のお茶よりもっと厳しいです。,3,更 一般 严格
j115-1,幽默,形容詞,你爸爸真幽默。,Nǐ bàba zhēn yōumò.,お父さん、本当に面白い人ですね。,1,真 幽默
j115-2,幽默,形容詞,我们公司的老板比较幽默，大家都喜欢他。,"Wǒmen gōngsī de lǎobǎn bǐjiào yōumò, dàjiā dōu xǐhuan tā.",うちの会社の社長はユーモアがあって、みんなに好かれています。,3,都 比较 幽默 喜欢
j116-1,大方,形容詞,你太大方了！,Nǐ tài dàfang le!,気前がよすぎますよ！,1,太 大方
j116-2,大方,形容詞,老板很大方，每次都多送我一包茶叶。,"Lǎobǎn hěn dàfang, měi cì dōu duō sòng wǒ yì bāo cháyè.",店主は気前がよくて、毎回茶葉を一袋おまけしてくれます。,3,都 很 多 大方 送
j117-1,烫,形容詞,这杯水太烫了。,Zhè bēi shuǐ tài tàng le.,このお湯は熱すぎます。,1,太 烫
j117-2,烫,形容詞,泡绿茶的时候，水不能太烫。,"Pào lǜchá de shíhou, shuǐ bù néng tài tàng.",緑茶をいれるとき、お湯は熱すぎてはいけません。,2,不 太 烫 能
j118-1,凉,形容詞,早上的风有点儿凉。,Zǎoshang de fēng yǒudiǎnr liáng.,朝の風はちょっとひんやりします。,1,有点儿 凉
j118-2,凉,形容詞,冰箱里的茶已经很凉了，可以喝了。,"Bīngxiāng lǐ de chá yǐjīng hěn liáng le, kěyǐ hē le.",冷蔵庫のお茶はもう冷えているので、飲めますよ。,3,已经 很 凉 可以 喝
j119-1,地道,形容詞,这家的烤鸭特别地道。,Zhè jiā de kǎoyā tèbié dìdao.,この店の北京ダックはとても本格的です。,2,特别 地道
j119-2,地道,形容詞,想吃地道的中国菜，最好去当地人常去的店。,"Xiǎng chī dìdao de Zhōngguó cài, zuìhǎo qù dāngdì rén cháng qù de diàn.",本場の中華料理が食べたいなら、地元の人がよく行く店が一番です。,3,最好 地道 去 想 吃
j120-1,正宗,形容詞,这里的拉面非常正宗。,Zhèlǐ de lāmiàn fēicháng zhèngzōng.,ここのラーメンはとても本格的です。,2,非常 正宗
j120-2,正宗,形容詞,这家的四川菜不太正宗，一点儿也不辣。,"Zhè jiā de Sìchuān cài bú tài zhèngzōng, yìdiǎnr yě bú là.",この店の四川料理はあまり本場っぽくなくて、全然辛くないです。,3,不 也 太 正宗 辣
j121-1,油腻,形容詞,我不太喜欢油腻的东西。,Wǒ bú tài xǐhuan yóunì de dōngxi.,脂っこいものはあまり好きではありません。,2,不 太 油腻 喜欢
j121-2,油腻,形容詞,吃完比较油腻的菜以后，喝一杯绿茶很舒服。,"Chī wán bǐjiào yóunì de cài yǐhòu, hē yì bēi lǜchá hěn shūfu.",脂っこい料理を食べたあとに緑茶を一杯飲むと、すっきりします。,3,比较 很 油腻 舒服 喝 完 吃
j122-1,清淡,形容詞,这家的菜都挺清淡的。,Zhè jiā de cài dōu tǐng qīngdàn de.,この店の料理はどれもあっさりしています。,2,都 挺 清淡
j122-2,清淡,形容詞,你感冒了，这几天最好吃清淡一点儿的。,"Nǐ gǎnmào le, zhè jǐ tiān zuìhǎo chī qīngdàn yìdiǎnr de.",風邪をひいているから、ここ数日はあっさりしたものを食べたほうがいいですよ。,3,最好 清淡 感冒 吃
j123-1,乱,形容詞,桌子上太乱了。,Zhuōzi shàng tài luàn le.,机の上が散らかりすぎです。,1,太 乱 上
j123-2,乱,形容詞,这里的交通特别乱，过马路要小心。,"Zhèlǐ de jiāotōng tèbié luàn, guò mǎlù yào xiǎoxīn.",ここは交通がとても乱れているので、道を渡るときは気をつけて。,3,特别 乱 过 小心 要
j124-1,绿,形容詞,这里的山真绿啊。,Zhèlǐ de shān zhēn lǜ a.,ここの山は本当に緑が濃いですね。,1,真 绿
j124-2,绿,形容詞,下了几天雨以后，茶树的叶子更绿了。,"Xià le jǐ tiān yǔ yǐhòu, cháshù de yèzi gèng lǜ le.",数日雨が降ったあと、茶の木の葉がいっそう緑になりました。,3,更 绿 下
j125-1,亮,形容詞,天已经亮了。,Tiān yǐjīng liàng le.,もう夜が明けました。,1,已经 亮
j125-2,亮,形容詞,今天晚上的月亮特别亮，我们出去看看吧。,"Jīntiān wǎnshang de yuèliang tèbié liàng, wǒmen chūqu kànkan ba.",今夜は月がとても明るいから、外に見に行こうよ。,3,特别 亮 出去
j126-1,宽,形容詞,这条河非常宽。,Zhè tiáo hé fēicháng kuān.,この川はとても幅が広いです。,1,非常 宽
j126-2,宽,形容詞,这双鞋有点儿宽，有没有小一号的？,"Zhè shuāng xié yǒudiǎnr kuān, yǒu méiyǒu xiǎo yí hào de?",この靴はちょっと幅が広いので、ワンサイズ小さいのはありますか？,3,有点儿 没有 宽 小 有 没有
j127-1,窄,形容詞,我家门口的路比较窄。,Wǒ jiā ménkǒu de lù bǐjiào zhǎi.,うちの前の道は狭めです。,2,比较 窄
j127-2,窄,形容詞,去茶园的山路特别窄，大车开不进去。,"Qù cháyuán de shānlù tèbié zhǎi, dà chē kāi bu jìnqu.",茶畑へ行く山道はとても狭くて、大きい車は入れません。,3,不 特别 大 窄 去 开
j128-1,深,形容詞,这里的水有点儿深。,Zhèlǐ de shuǐ yǒudiǎnr shēn.,ここは水がちょっと深いです。,1,有点儿 深
j128-2,深,形容詞,这次旅行给我留下了非常深的印象。,Zhècì lǚxíng gěi wǒ liúxià le fēicháng shēn de yìnxiàng.,今回の旅行はとても印象に残りました。,3,非常 深 给
j129-1,厚,形容詞,这件外套非常厚。,Zhè jiàn wàitào fēicháng hòu.,このコートはとても厚手です。,1,非常 厚
j129-2,厚,形容詞,北京冬天很冷，你最好带一件比较厚的外套。,"Běijīng dōngtiān hěn lěng, nǐ zuìhǎo dài yí jiàn bǐjiào hòu de wàitào.",北京の冬は寒いので、厚めのコートを持っていったほうがいいですよ。,3,比较 很 最好 厚 冷 带
j130-1,薄,形容詞,这种茶杯特别薄。,Zhè zhǒng chábēi tèbié báo.,この湯のみはとても薄いです。,1,特别 薄
j130-2,薄,形容詞,早上还有点儿冷，你穿得太薄了吧？,"Zǎoshang hái yǒudiǎnr lěng, nǐ chuān de tài báo le ba?",朝はまだちょっと寒いのに、薄着すぎじゃない？,3,有点儿 还 太 冷 薄 还 得 穿
j131-1,干燥,形容詞,我的皮肤有点儿干燥。,Wǒ de pífū yǒudiǎnr gānzào.,肌がちょっと乾燥しています。,2,有点儿 干燥
j131-2,干燥,形容詞,茶叶要放在非常干燥的地方，不然会坏。,"Cháyè yào fàng zài fēicháng gānzào de dìfang, bùrán huì huài.",茶葉はとても乾燥した場所に置かないと、悪くなってしまいます。,3,在 非常 干燥 会 在 要 放
j132-1,潮湿,形容詞,房间里有点儿潮湿。,Fángjiān lǐ yǒudiǎnr cháoshī.,部屋の中がちょっと湿っぽいです。,1,有点儿 潮湿
j132-2,潮湿,形容詞,奈良的夏天又热又潮湿，真不舒服。,"Nàiliáng de xiàtiān yòu rè yòu cháoshī, zhēn bù shūfu.",奈良の夏は暑くてじめじめして、本当に不快です。,3,不 又 真 热 潮湿 舒服
j133-1,准时,形容詞,他每天都很准时。,Tā měitiān dōu hěn zhǔnshí.,彼は毎日時間どおりです。,1,都 很 准时
j133-2,准时,形容詞,明天九点开会，请大家一定准时到。,"Míngtiān jiǔ diǎn kāihuì, qǐng dàjiā yídìng zhǔnshí dào.",明日は9時から会議なので、みなさん必ず時間どおりに来てください。,3,一定 准时 点 开会 到 请
j134-1,划算,形容詞,这个套餐特别划算。,Zhège tàocān tèbié huásuàn.,このセットはすごくお得です。,1,特别 划算
j134-2,划算,形容詞,在网上买机票有时候更划算。,Zài wǎngshàng mǎi jīpiào yǒushíhou gèng huásuàn.,航空券はネットで買うほうがお得なこともあります。,2,在 更 有时候 划算 在 买
j135-1,满,形容詞,今天的酒店都满了。,Jīntiān de jiǔdiàn dōu mǎn le.,今日はホテルがどこも満室です。,1,都 满
j135-2,满,形容詞,这个周末的茶会已经满了，下次再来吧。,"Zhège zhōumò de cháhuì yǐjīng mǎn le, xiàcì zài lái ba.",今週末のお茶会はもう満席なので、また次回来てください。,3,再 已经 满 来
j136-1,空,形容詞,中午的电车比较空。,Zhōngwǔ de diànchē bǐjiào kōng.,昼の電車はわりとすいています。,1,比较 空
j136-2,空,形容詞,这个茶罐已经空了，再开一包新的吧。,"Zhège cháguàn yǐjīng kōng le, zài kāi yì bāo xīn de ba.",この茶缶はもう空なので、新しいのを一袋開けましょう。,3,再 已经 空 新 开
j137-1,自然,形容詞,他的发音非常自然。,Tā de fāyīn fēicháng zìrán.,彼の発音はとても自然です。,1,非常 自然
j137-2,自然,形容詞,我的茶园不用化肥，一切都尽量保持自然。,"Wǒ de cháyuán búyòng huàféi, yíqiè dōu jǐnliàng bǎochí zìrán.",私の茶畑は化学肥料を使わず、できるだけ自然のままにしています。,3,都 不用 自然
j138-1,熟悉,形容詞,这条路我特别熟悉。,Zhè tiáo lù wǒ tèbié shúxī.,この道はよく知っています。,1,特别 熟悉
j138-2,熟悉,形容詞,我在奈良住了十年，对这里已经非常熟悉了。,"Wǒ zài Nàiliáng zhù le shí nián, duì zhèlǐ yǐjīng fēicháng shúxī le.",奈良に10年住んでいるので、このあたりはもうよく知っています。,3,已经 在 非常 熟悉 对 在 住
j139-1,普通,形容詞,这家店的菜比较普通。,Zhè jiā diàn de cài bǐjiào pǔtōng.,この店の料理はわりと普通です。,2,比较 普通
j139-2,普通,形容詞,这只是普通的感冒，你别太担心。,"Zhè zhǐ shì pǔtōng de gǎnmào, nǐ bié tài dānxīn.",ただの風邪だから、あまり心配しないで。,2,只 别 太 普通 是 担心 感冒
j140-1,流行,形容詞,这首歌特别流行。,Zhè shǒu gē tèbié liúxíng.,この歌はすごく流行っています。,1,特别 流行
j140-2,流行,形容詞,最近在中国，喝日本茶越来越流行了。,"Zuìjìn zài Zhōngguó, hē Rìběn chá yuèláiyuè liúxíng le.",最近中国では、日本茶を飲むのがますます流行っています。,3,在 越来越 流行 在 喝
j141-1,精彩,形容詞,这个节目真精彩。,Zhège jiémù zhēn jīngcǎi.,この番組は本当に見ごたえがあります。,1,真 精彩
j141-2,精彩,形容詞,老师的讲座特别精彩，大家都听得很认真。,"Lǎoshī de jiǎngzuò tèbié jīngcǎi, dàjiā dōu tīng de hěn rènzhēn.",先生の講演はとてもすばらしくて、みんな真剣に聞いていました。,3,都 特别 很 精彩 认真 听 得
j142-1,糟糕,形容詞,真糟糕，我忘带钱包了。,"Zhēn zāogāo, wǒ wàng dài qiánbāo le.",しまった、財布を忘れました。,2,真 糟糕 忘 带
j142-2,糟糕,形容詞,昨天的服务非常糟糕，我不会再去了。,"Zuótiān de fúwù fēicháng zāogāo, wǒ bú huì zài qù le.",昨日のサービスはひどかったので、もう行きません。,3,不 再 非常 糟糕 会 去
j143-1,难听,形容詞,这个声音太难听了。,Zhège shēngyīn tài nántīng le.,この音、ひどすぎる。,1,太 难听
j143-2,难听,形容詞,别说那么难听的话，他会很伤心的。,"Bié shuō nàme nántīng de huà, tā huì hěn shāngxīn de.",そんなひどいことを言わないで、彼が傷つくよ。,3,别 很 难听 伤心 会 说
j144-1,难喝,形容詞,这杯咖啡太难喝了。,Zhè bēi kāfēi tài nánhē le.,このコーヒーはまずすぎます。,1,太 难喝
j144-2,难喝,形容詞,水不好的话，再好的茶也会变得很难喝。,"Shuǐ bù hǎo de huà, zài hǎo de chá yě huì biàn de hěn nánhē.",水がよくないと、どんなにいいお茶でもまずくなってしまいます。,3,不 再 也 很 好 难喝 会 得 变
j145-1,专业,形容詞,这个摄影师特别专业。,Zhège shèyǐngshī tèbié zhuānyè.,このカメラマンはとてもプロ意識が高いです。,2,特别 专业
j145-2,专业,形容詞,他讲茶讲得比我还专业，真厉害。,"Tā jiǎng chá jiǎng de bǐ wǒ hái zhuānyè, zhēn lìhai.",彼はお茶について私よりも詳しく話せて、本当にすごいです。,2,还 真 专业 厉害 讲 还 得
j146-1,不同,形容詞,南方和北方的菜很不同。,Nánfāng hé běifāng de cài hěn bùtóng.,南と北では料理がだいぶ違います。,2,很 不同
j146-2,不同,形容詞,同样的茶叶，水温不同，味道也会不同。,"Tóngyàng de cháyè, shuǐwēn bùtóng, wèidao yě huì bùtóng.",同じ茶葉でも、お湯の温度が違うと味も変わります。,3,也 不同 会
j147-1,好找,形容詞,那家店很好找。,Nà jiā diàn hěn hǎozhǎo.,あの店はすぐ見つかります。,1,很 好找
j147-2,好找,形容詞,车站旁边的酒店比较好找。,Chēzhàn pángbiān de jiǔdiàn bǐjiào hǎozhǎo.,駅のそばのホテルは見つけやすいです。,2,比较 好找
j148-1,好学,形容詞,这种舞特别好学。,Zhè zhǒng wǔ tèbié hǎoxué.,このダンスはすごく覚えやすいです。,1,特别 好学
j148-2,好学,形容詞,用这本书学中文，真的很好学。,"Yòng zhè běn shū xué Zhōngwén, zhēnde hěn hǎoxué.",この本で中国語を勉強すると、本当に覚えやすいです。,2,真的 很 好学 用 学
j149-1,害羞,形容詞,他有点儿害羞。,Tā yǒudiǎnr hàixiū.,彼はちょっとシャイです。,1,有点儿 害羞
j149-2,害羞,形容詞,第一次说中文的时候，我特别害羞。,"Dì-yī cì shuō Zhōngwén de shíhou, wǒ tèbié hàixiū.",初めて中国語を話したとき、すごく恥ずかしかったです。,3,特别 害羞 说
j150-1,严重,形容詞,你的感冒很严重吗？,Nǐ de gǎnmào hěn yánzhòng ma?,風邪はひどいんですか？,1,很 严重 感冒
j150-2,严重,形容詞,今年夏天雨太少，茶园的问题比较严重。,"Jīnnián xiàtiān yǔ tài shǎo, cháyuán de wèntí bǐjiào yánzhòng.",今年の夏は雨が少なすぎて、茶畑の問題がかなり深刻です。,3,比较 太 严重 少
v1-1,是,動詞,我也是日本人。,Wǒ yě shì Rìběnrén.,私も日本人です。,1,也 是
v1-2,是,動詞,这家店的菜其实是最便宜的。,Zhè jiā diàn de cài qíshí shì zuì piányi de.,このお店の料理は、実は一番安いんですよ。,2,最 其实 便宜 是
v2-1,有,動詞,这附近也有便利店吗？,Zhè fùjìn yě yǒu biànlìdiàn ma?,この近くにもコンビニはありますか？,2,也 有
v2-2,有,動詞,这家茶馆有特别好喝的乌龙茶。,Zhè jiā cháguǎn yǒu tèbié hǎohē de wūlóngchá.,この茶館には、すごくおいしい烏龍茶があります。,2,特别 好喝 有
v3-1,去,動詞,我们一起去吧！,Wǒmen yìqǐ qù ba!,一緒に行きましょう！,1,一起 去
v3-2,去,動詞,周末我打算先去上海，然后去杭州。,"Zhōumò wǒ dǎsuan xiān qù Shànghǎi, ránhòu qù Hángzhōu.",週末はまず上海に行って、それから杭州に行くつもりです。,3,先 去 打算
v4-1,来,動詞,他马上就来。,Tā mǎshàng jiù lái.,彼はすぐ来ます。,1,马上 就 来
v4-2,来,動詞,下次你一定要再来日本玩儿！,Xià cì nǐ yídìng yào zài lái Rìběn wánr!,今度はぜひまた日本に遊びに来てくださいね！,2,再 一定 来 下 要
v5-1,说,動詞,我只会说一点儿中文。,Wǒ zhǐ huì shuō yìdiǎnr Zhōngwén.,中国語は少ししか話せません。,2,只 会 说
v5-2,说,動詞,你的中文说得越来越好了！,Nǐ de Zhōngwén shuō de yuèláiyuè hǎo le!,中国語、どんどん上手になってますね！,2,好 越来越 得 说
v6-1,要,動詞,我也要一杯热咖啡。,Wǒ yě yào yì bēi rè kāfēi.,私もホットコーヒーを1杯ください。,1,也 热 要
v6-2,要,動詞,这个周末我一定要去买新手机。,Zhè ge zhōumò wǒ yídìng yào qù mǎi xīn shǒujī.,今週末は絶対に新しいスマホを買いに行きます。,2,一定 新 买 去 要
v7-1,想,動詞,我一直想去西安。,Wǒ yìzhí xiǎng qù Xī'ān.,ずっと西安に行きたいと思っていました。,1,一直 去 想
v7-2,想,動詞,天气太热了，我只想喝冰的。,"Tiānqì tài rè le, wǒ zhǐ xiǎng hē bīng de.",暑すぎて、冷たいものしか飲みたくないです。,2,只 太 热 喝 想
v8-1,没有,動詞,我今天真的没有时间。,Wǒ jīntiān zhēnde méiyǒu shíjiān.,今日は本当に時間がないんです。,2,真的 没有 没有
v8-2,没有,動詞,这附近好像没有便宜的酒店。,Zhè fùjìn hǎoxiàng méiyǒu piányi de jiǔdiàn.,この近くには安いホテルがないみたいです。,2,好像 没有 便宜 没有
v9-1,吃,動詞,你也吃辣的吗？,Nǐ yě chī là de ma?,あなたも辛いものを食べますか？,1,也 辣 吃
v9-2,吃,動詞,这家的小笼包特别好吃，我们再吃一笼吧。,"Zhè jiā de xiǎolóngbāo tèbié hǎochī, wǒmen zài chī yì lóng ba.",この店の小籠包すごくおいしいから、もう一せいろ食べよう。,3,再 特别 好吃 吃
v10-1,看,動詞,我先看一下菜单。,Wǒ xiān kàn yíxià càidān.,まずメニューを見せてください。,1,先 看
v10-2,看,動詞,这部电影非常有意思，你一定要去看。,"Zhè bù diànyǐng fēicháng yǒuyìsi, nǐ yídìng yào qù kàn.",この映画はとても面白いので、ぜひ見に行ってください。,3,一定 非常 有意思 看 去 要
v11-1,知道,動詞,我早就知道了。,Wǒ zǎojiù zhīdào le.,とっくに知ってましたよ。,1,早就 知道
v11-2,知道,動詞,你知道附近哪儿有比较便宜的超市吗？,Nǐ zhīdào fùjìn nǎr yǒu bǐjiào piányi de chāoshì ma?,この近くで、わりと安いスーパーがどこにあるか知ってますか？,3,比较 便宜 知道 有
v12-1,会,動詞,你也会说日语吗？,Nǐ yě huì shuō Rìyǔ ma?,あなたも日本語が話せるんですか？,1,也 会 说
v12-2,会,動詞,周末去的人肯定会很多，我们早点儿去吧。,"Zhōumò qù de rén kěndìng huì hěn duō, wǒmen zǎo diǎnr qù ba.",週末は絶対に人が多いから、早めに行きましょう。,3,很 多 肯定 早 会 去
v13-1,能,動詞,能再便宜一点儿吗？,Néng zài piányi yìdiǎnr ma?,もう少し安くなりませんか？,1,再 便宜 能
v13-2,能,動詞,我明天有点儿忙，可能不能去了。,"Wǒ míngtiān yǒudiǎnr máng, kěnéng bu néng qù le.",明日はちょっと忙しいので、たぶん行けなくなりました。,2,不 可能 有点儿 忙 能 去
v14-1,可以,動詞,我也可以一起去吗？,Wǒ yě kěyǐ yìqǐ qù ma?,私も一緒に行っていいですか？,1,一起 也 可以 去
v14-2,可以,動詞,这里的风景特别漂亮，可以拍照吗？,"Zhèlǐ de fēngjǐng tèbié piàoliang, kěyǐ pāizhào ma?",ここの景色はすごくきれいですね。写真を撮ってもいいですか？,3,特别 漂亮 可以
v15-1,在,動詞,我已经在酒店了。,Wǒ yǐjīng zài jiǔdiàn le.,もうホテルに着いています。,1,已经 在 在
v15-2,在,動詞,那家新开的咖啡店就在车站旁边。,Nà jiā xīn kāi de kāfēidiàn jiù zài chēzhàn pángbiān.,その新しくできたカフェは、駅のすぐ隣にあります。,3,在 就 新 在 开
v16-1,做,動詞,你经常自己做饭吗？,Nǐ jīngcháng zìjǐ zuò fàn ma?,よく自炊しますか？,1,经常 做
v16-2,做,動詞,我妈妈做的菜最好吃了。,Wǒ māma zuò de cài zuì hǎochī le.,母の料理が一番おいしいです。,2,最 好吃 做
v17-1,叫,動詞,我们先叫辆车吧。,Wǒmen xiān jiào liàng chē ba.,まず車を呼びましょう。,1,先 叫
v17-2,叫,動詞,这种茶叫什么？味道特别香。,Zhè zhǒng chá jiào shénme? Wèidao tèbié xiāng.,このお茶は何という名前ですか？すごくいい香りですね。,2,特别 香 叫
v18-1,喜欢,動詞,我最喜欢喝绿茶。,Wǒ zuì xǐhuan hē lǜchá.,緑茶を飲むのが一番好きです。,1,最 喜欢 喝
v18-2,喜欢,動詞,我特别喜欢这家店，东西又便宜又好吃。,"Wǒ tèbié xǐhuan zhè jiā diàn, dōngxi yòu piányi yòu hǎochī.",このお店が大好きです。安くておいしいので。,3,又 特别 便宜 好吃 喜欢
v19-1,觉得,動詞,我觉得有点儿贵。,Wǒ juéde yǒudiǎnr guì.,ちょっと高いと思います。,1,有点儿 贵 觉得
v19-2,觉得,動詞,我一直觉得中文的发音比较难。,Wǒ yìzhí juéde Zhōngwén de fāyīn bǐjiào nán.,中国語の発音はけっこう難しいと、ずっと思っています。,2,一直 比较 难 觉得
v20-1,喝,動詞,我们先喝杯茶吧。,Wǒmen xiān hē bēi chá ba.,まずはお茶でも一杯飲みましょう。,1,先 喝
v20-2,喝,動詞,这杯奶茶太甜了，我只喝了一半。,"Zhè bēi nǎichá tài tián le, wǒ zhǐ hē le yíbàn.",このミルクティーは甘すぎて、半分しか飲めませんでした。,2,只 太 甜 喝
v21-1,买,動詞,我已经买好票了。,Wǒ yǐjīng mǎi hǎo piào le.,チケットはもう買ってあります。,1,已经 好 买
v21-2,买,動詞,这么便宜！我们多买几个吧。,Zhème piányi! Wǒmen duō mǎi jǐ ge ba.,こんなに安いの！多めに何個か買おう。,2,多 便宜 买
v22-1,给,動詞,请再给我一杯热水。,Qǐng zài gěi wǒ yì bēi rèshuǐ.,お湯をもう一杯ください。,1,再 给 请
v22-2,给,動詞,我回日本的时候，一定给你带好吃的点心。,"Wǒ huí Rìběn de shíhou, yídìng gěi nǐ dài hǎochī de diǎnxin.",日本に帰るときは、必ずおいしいお菓子を持ってきますね。,3,一定 好吃 给 回 带
v23-1,听,動詞,你经常听中文歌吗？,Nǐ jīngcháng tīng Zhōngwén gē ma?,中国語の歌はよく聞きますか？,1,经常 听
v23-2,听,動詞,这首歌真好听，我已经听了好几遍了。,"Zhè shǒu gē zhēn hǎotīng, wǒ yǐjīng tīng le hǎo jǐ biàn le.",この歌、本当にいいですね。もう何回も聞きました。,3,已经 好 真 好听 听
v24-1,走,動詞,时间不早了，我先走了。,"Shíjiān bù zǎo le, wǒ xiān zǒu le.",もう遅いので、お先に失礼します。,2,不 先 早 走
v24-2,走,動詞,车站很近，我们慢慢走过去吧。,"Chēzhàn hěn jìn, wǒmen mànmàn zǒu guòqu ba.",駅は近いので、ゆっくり歩いて行きましょう。,2,很 慢慢 近 走
v25-1,回,動詞,我下个月就回日本了。,Wǒ xià ge yuè jiù huí Rìběn le.,来月にはもう日本に帰ります。,2,就 回 下
v25-2,回,動詞,你别着急，我看完邮件马上回你。,"Nǐ bié zháojí, wǒ kàn wán yóujiàn mǎshàng huí nǐ.",焦らないで。メールを見たらすぐ返信するから。,2,别 马上 着急 看 回 完
v26-1,找,動詞,我正在找我的护照。,Wǒ zhèngzài zhǎo wǒ de hùzhào.,今、パスポートを探しているところです。,1,正在 找
v26-2,找,動詞,我们找个比较安静的地方坐一下吧。,Wǒmen zhǎo ge bǐjiào ānjìng de dìfang zuò yíxià ba.,どこか静かな所を探して、少し座りましょう。,3,比较 安静 找 坐
v27-1,用,動詞,你也用微信吗？,Nǐ yě yòng Wēixìn ma?,あなたもWeChatを使っていますか？,1,也 用
v27-2,用,動詞,用手机点菜特别方便，你也试试吧。,"Yòng shǒujī diǎn cài tèbié fāngbiàn, nǐ yě shìshi ba.",スマホで注文するとすごく便利だよ。あなたも試してみて。,3,也 特别 方便 点 用
v28-1,等,動詞,请稍微等一下。,Qǐng shāowēi děng yíxià.,少々お待ちください。,1,稍微 等 请
v28-2,等,動詞,对不起，让你等了这么久，外面很冷吧？,"Duìbuqǐ, ràng nǐ děng le zhème jiǔ, wàimiàn hěn lěng ba?",お待たせしてすみません。外、寒かったでしょう？,3,很 冷 久 等 让 对不起
v29-1,问,動詞,我想先问一下价格。,Wǒ xiǎng xiān wèn yíxià jiàgé.,まず値段を聞いてみたいです。,1,先 问 想
v29-2,问,動詞,不懂的地方，你随时可以问我。,"Bù dǒng de dìfang, nǐ suíshí kěyǐ wèn wǒ.",わからないところは、いつでも聞いてくださいね。,2,不 随时 可以 问 懂
v30-1,到,動詞,我们快到了吧？,Wǒmen kuài dào le ba?,もうすぐ着きますよね？,1,快 到
v30-2,到,動詞,飞机晚点了，我们晚上十点才到酒店。,"Fēijī wǎndiǎn le, wǒmen wǎnshang shí diǎn cái dào jiǔdiàn.",飛行機が遅れて、ホテルに着いたのは夜10時でした。,3,才 点 到
v31-1,得,動詞,不好意思，我得先走了。,"Bù hǎoyìsi, wǒ děi xiān zǒu le.",すみません、先に失礼しないといけないんです。,2,不 先 走 得
v31-2,得,動詞,明天的会议很重要，我得早点儿去公司。,"Míngtiān de huìyì hěn zhòngyào, wǒ děi zǎo diǎnr qù gōngsī.",明日の会議は大事なので、早めに会社に行かないと。,3,很 早 重要 去 得
v32-1,让,動詞,让我再想想。,Ràng wǒ zài xiǎngxiang.,もうちょっと考えさせて。,1,再 让
v32-2,让,動詞,这部电影让我特别感动。,Zhè bù diànyǐng ràng wǒ tèbié gǎndòng.,この映画にはすごく感動しました。,2,特别 让
v33-1,帮,動詞,你也帮我买一杯吧。,Nǐ yě bāng wǒ mǎi yì bēi ba.,私の分も1杯買ってきて。,1,也 买 帮
v33-2,帮,動詞,谢谢你一直帮我，你真是个好人。,"Xièxie nǐ yìzhí bāng wǒ, nǐ zhēn shì ge hǎo rén.",いつも助けてくれてありがとう。本当にいい人ですね。,2,一直 好 真 是 帮 谢谢
v34-1,懂,動詞,我不太懂。,Wǒ bú tài dǒng.,あまりよくわかりません。,1,不 太 懂
v34-2,懂,動詞,刚来的时候什么都不懂，大家都特别照顾我。,"Gāng lái de shíhou shénme dōu bù dǒng, dàjiā dōu tèbié zhàogù wǒ.",来たばかりの頃は何もわからなくて、みんなにすごくお世話になりました。,3,不 都 特别 刚 照顾 懂 来
v35-1,应该,動詞,他应该快到了。,Tā yīnggāi kuài dào le.,彼はもうすぐ着くはずです。,1,快 到 应该
v35-2,应该,動詞,天气越来越冷了，你应该多穿点儿。,"Tiānqì yuèláiyuè lěng le, nǐ yīnggāi duō chuān diǎnr.",だんだん寒くなってきたから、もっと着込んだほうがいいよ。,3,多 越来越 冷 应该 穿
v36-1,开,動詞,你开得太快了，慢一点儿！,"Nǐ kāi de tài kuài le, màn yìdiǎnr!",スピード出しすぎだよ、もう少しゆっくり！,2,快 太 慢 得 开
v36-2,开,動詞,这家超市一直开到晚上十二点，非常方便。,"Zhè jiā chāoshì yìzhí kāi dào wǎnshang shí'èr diǎn, fēicháng fāngbiàn.",このスーパーは夜12時まで開いていて、とても便利です。,3,非常 一直 方便 点 到 开
v37-1,坐,動詞,请坐，茶马上就好。,"Qǐng zuò, chá mǎshàng jiù hǎo.",どうぞ座って。お茶はすぐ入りますから。,1,马上 好 就 坐 请
v37-2,坐,動詞,坐高铁去上海只要五个小时，非常快。,"Zuò gāotiě qù Shànghǎi zhǐ yào wǔ ge xiǎoshí, fēicháng kuài.",高速鉄道なら上海まで5時間しかかからなくて、とても速いです。,3,只 非常 快 去 坐 要
v38-1,住,動詞,你现在还住在东京吗？,Nǐ xiànzài hái zhù zài Dōngjīng ma?,今もまだ東京に住んでいるんですか？,2,在 还 在 还 住
v38-2,住,動詞,我们住的酒店离车站特别近，很方便。,"Wǒmen zhù de jiǔdiàn lí chēzhàn tèbié jìn, hěn fāngbiàn.",泊まっているホテルは駅からすごく近くて便利です。,3,特别 很 近 方便 住
v39-1,工作,動詞,他每天都工作到很晚。,Tā měitiān dōu gōngzuò dào hěn wǎn.,彼は毎日遅くまで働いています。,2,都 很 晚 到 工作
v39-2,工作,動詞,我在上海工作已经三年了，越来越习惯了。,"Wǒ zài Shànghǎi gōngzuò yǐjīng sān nián le, yuèláiyuè xíguàn le.",上海で働いてもう3年になり、だんだん慣れてきました。,3,已经 在 越来越 在 习惯 工作
v40-1,学,動詞,我刚开始学中文。,Wǒ gāng kāishǐ xué Zhōngwén.,中国語を習い始めたばかりです。,1,刚 学 开始
v40-2,学,動詞,你的发音真好，你学了多久了？,"Nǐ de fāyīn zhēn hǎo, nǐ xué le duō jiǔ le?",発音がすごくきれいですね。どのくらい勉強しているんですか？,2,好 多 真 久 学
v41-1,打,動詞,我晚上再给你打电话。,Wǒ wǎnshang zài gěi nǐ dǎ diànhuà.,夜にまた電話しますね。,2,再 给 打
v41-2,打,動詞,周末我经常和朋友打网球，特别开心。,"Zhōumò wǒ jīngcháng hé péngyou dǎ wǎngqiú, tèbié kāixīn.",週末はよく友達とテニスをしていて、すごく楽しいです。,3,特别 经常 开心 打
v42-1,认识,動詞,很高兴认识你！,Hěn gāoxìng rènshi nǐ!,お会いできてうれしいです！,1,很 高兴 认识
v42-2,认识,動詞,我们是在北京认识的，已经十年了。,"Wǒmen shì zài Běijīng rènshi de, yǐjīng shí nián le.",私たちは北京で知り合って、もう10年になります。,3,已经 在 是 在 认识
v43-1,需要,動詞,你还需要什么吗？,Nǐ hái xūyào shénme ma?,ほかに何か要りますか？,1,还 还 需要
v43-2,需要,動詞,这个手续比较麻烦，可能需要三天。,"Zhè ge shǒuxù bǐjiào máfan, kěnéng xūyào sān tiān.",この手続きはけっこう面倒で、3日ほどかかるかもしれません。,3,可能 比较 麻烦 需要
v44-1,告诉,動詞,你到了就告诉我。,Nǐ dào le jiù gàosu wǒ.,着いたら教えてね。,1,就 到 告诉
v44-2,告诉,動詞,朋友告诉我，这家店的火锅特别地道。,"Péngyou gàosu wǒ, zhè jiā diàn de huǒguō tèbié dìdao.",友達によると、この店の火鍋はすごく本格的なんだそうです。,3,特别 地道 告诉
v45-1,请,動詞,请慢慢吃！,Qǐng mànmàn chī!,どうぞごゆっくり召し上がってください！,1,慢慢 请 吃
v45-2,请,動詞,请大家先坐一下，菜马上就来。,"Qǐng dàjiā xiān zuò yíxià, cài mǎshàng jiù lái.",皆さん、まずはおかけください。料理はすぐに来ます。,2,先 马上 就 坐 来 请
v46-1,干,動詞,你周末一般干什么？,Nǐ zhōumò yìbān gàn shénme?,週末はふだん何をしていますか？,1,一般 干
v46-2,干,動詞,你看起来特别累，昨天晚上干什么了？,"Nǐ kànqǐlai tèbié lèi, zuótiān wǎnshang gàn shénme le?",すごく疲れてるみたいだけど、昨日の夜何してたの？,3,特别 累 干
v47-1,见,動詞,我好像在哪儿见过你。,Wǒ hǎoxiàng zài nǎr jiàn guo nǐ.,どこかでお会いしたような気がします。,2,在 好像 过 在 见
v47-2,见,動詞,好久不见！你还是那么漂亮。,Hǎojiǔ bú jiàn! Nǐ háishi nàme piàoliang.,久しぶり！相変わらずきれいですね。,2,不 还是 漂亮 见
v48-1,上,動詞,快上车吧！,Kuài shàng chē ba!,早く車に乗って！,1,快 上
v48-2,上,動詞,我们先上楼看看房间，行李等一会儿再拿。,"Wǒmen xiān shàng lóu kànkan fángjiān, xíngli děng yíhuìr zài ná.",先に上の階で部屋を見て、荷物は後で取りに来よう。,3,再 先 等 上 拿
v49-1,下,動詞,我们下一站就下车。,Wǒmen xià yí zhàn jiù xià chē.,次の駅で降ります。,1,就 站 下
v49-2,下,動詞,下了飞机以后，我马上给你打电话。,"Xià le fēijī yǐhòu, wǒ mǎshàng gěi nǐ dǎ diànhuà.",飛行機を降りたら、すぐに電話しますね。,3,马上 给 打 下
v50-1,进,動詞,请进，随便坐。,"Qǐng jìn, suíbiàn zuò.",どうぞ入って、好きな所に座ってください。,1,随便 坐 请 进
v50-2,进,動詞,进房间以后，记得先把空调打开。,"Jìn fángjiān yǐhòu, jìde xiān bǎ kōngtiáo dǎkāi.",部屋に入ったら、まずエアコンをつけるのを忘れずに。,2,先 打开 进 记得
v51-1,出,動詞,我的电脑好像出问题了。,Wǒ de diànnǎo hǎoxiàng chū wèntí le.,パソコンの調子がおかしいみたいです。,2,好像 出
v51-2,出,動詞,今天终于出太阳了，特别暖和。,"Jīntiān zhōngyú chū tàiyáng le, tèbié nuǎnhuo.",今日はやっと太陽が出て、すごく暖かいです。,2,特别 终于 暖和 出
v52-1,回来,動詞,我马上回来。,Wǒ mǎshàng huílai.,すぐ戻ります。,1,马上 回来
v52-2,回来,動詞,你今天回来得真早，工作不忙吗？,"Nǐ jīntiān huílai de zhēn zǎo, gōngzuò bù máng ma?",今日は帰りが早いね。仕事、忙しくないの？,2,不 真 早 忙 得 工作 回来
v53-1,回去,動詞,太晚了，我们回去吧。,"Tài wǎn le, wǒmen huíqu ba.",遅くなったから、帰りましょう。,1,太 晚 回去
v53-2,回去,動詞,我明天就要回去了，真舍不得你们。,"Wǒ míngtiān jiùyào huíqu le, zhēn shěbude nǐmen.",明日にはもう帰らなきゃいけなくて、本当に名残惜しいです。,3,就要 真 回去
v54-1,出去,動詞,我们一起出去吃吧。,Wǒmen yìqǐ chūqu chī ba.,一緒に外へ食べに行きましょう。,1,一起 出去 吃
v54-2,出去,動詞,外面雨下得特别大，今天还是别出去了。,"Wàimiàn yǔ xià de tèbié dà, jīntiān háishi bié chūqu le.",外は雨がすごく強いから、今日は出かけないほうがいいよ。,3,别 特别 还是 大 得 下 出去
v55-1,回家,動詞,我先回家了，明天见！,"Wǒ xiān huíjiā le, míngtiān jiàn!",先に帰るね。また明日！,1,先 见 回家
v55-2,回家,動詞,最近工作特别忙，我每天都很晚才回家。,"Zuìjìn gōngzuò tèbié máng, wǒ měitiān dōu hěn wǎn cái huíjiā.",最近仕事がすごく忙しくて、毎日帰りが遅いです。,3,才 都 特别 很 晚 忙 工作 回家
v56-1,打算,動詞,你也打算去吗？,Nǐ yě dǎsuan qù ma?,あなたも行くつもりですか？,1,也 去 打算
v56-2,打算,動詞,我打算明年再去一次云南，那儿特别漂亮。,"Wǒ dǎsuan míngnián zài qù yí cì Yúnnán, nàr tèbié piàoliang.",来年もう一度雲南に行くつもりです。すごくきれいな所なんです。,3,再 特别 漂亮 去 打算
v57-1,写,動詞,你的字写得真漂亮！,Nǐ de zì xiě de zhēn piàoliang!,字が本当にきれいですね！,1,真 漂亮 得 写
v57-2,写,動詞,我写了一个晚上，报告终于写完了。,"Wǒ xiě le yí ge wǎnshang, bàogào zhōngyú xiě wán le.",一晩かかって、やっとレポートを書き終えました。,3,终于 写 完
v58-1,玩,動詞,我们玩得非常开心！,Wǒmen wán de fēicháng kāixīn!,とても楽しく過ごしました！,1,非常 开心 得 玩
v58-2,玩,動詞,有空的话，欢迎你们随时来大阪玩。,"Yǒu kōng de huà, huānyíng nǐmen suíshí lái Dàbǎn wán.",時間があれば、いつでも大阪に遊びに来てください。,3,随时 空 欢迎 有 来 玩
v59-1,睡觉,動詞,你一般几点睡觉？,Nǐ yìbān jǐ diǎn shuìjiào?,ふだん何時に寝ますか？,1,一般 点 睡觉
v59-2,睡觉,動詞,昨天太累了，我一回家就睡觉了。,"Zuótiān tài lèi le, wǒ yì huíjiā jiù shuìjiào le.",昨日は疲れすぎて、家に帰ってすぐ寝ました。,2,就 太 累 回家 睡觉
v60-1,起床,動詞,我每天都七点起床。,Wǒ měitiān dōu qī diǎn qǐchuáng.,毎日7時に起きます。,1,都 点 起床
v60-2,起床,動詞,明天的航班特别早，我五点就得起床。,"Míngtiān de hángbān tèbié zǎo, wǒ wǔ diǎn jiù děi qǐchuáng.",明日の便はすごく早いので、5時には起きないといけません。,3,特别 就 早 点 得 起床
v61-1,吃饭,動詞,你还没吃饭吗？,Nǐ hái méi chīfàn ma?,まだご飯食べてないの？,1,还 没 还 吃饭
v61-2,吃饭,動詞,跟你们一起吃饭真开心，下次再约！,"Gēn nǐmen yìqǐ chīfàn zhēn kāixīn, xià cì zài yuē!",皆さんとご飯を食べられて本当に楽しかったです。また約束しましょう！,3,再 一起 真 开心 跟 约 下 吃饭
v62-1,该,動詞,我们也该回去了。,Wǒmen yě gāi huíqu le.,私たちもそろそろ帰らないと。,1,也 回去 该
v62-2,该,動詞,你都咳嗽好几天了，真该去医院看看了。,"Nǐ dōu késou hǎo jǐ tiān le, zhēn gāi qù yīyuàn kànkan le.",もう何日も咳が続いてるんだから、本当に病院に行ったほうがいいよ。,3,都 好 真 咳嗽 去 该
v63-1,明白,動詞,你说的我都明白。,Nǐ shuō de wǒ dōu míngbai.,あなたの言っていることは全部わかります。,1,都 说 明白
v63-2,明白,動詞,这个问题很简单，你怎么还不明白？,"Zhè ge wèntí hěn jiǎndān, nǐ zěnme hái bù míngbai?",こんなに簡単な問題なのに、どうしてまだわからないの？,3,不 很 还 简单 还 明白
v64-1,记得,動詞,你还记得我吗？,Nǐ hái jìde wǒ ma?,まだ私のことを覚えていますか？,1,还 还 记得
v64-2,记得,動詞,我一直记得那家小店的面，特别好吃。,"Wǒ yìzhí jìde nà jiā xiǎo diàn de miàn, tèbié hǎochī.",あの小さな店の麺、すごくおいしかったのをずっと覚えています。,3,一直 特别 小 好吃 记得
v65-1,忘,動詞,我又忘了他的名字。,Wǒ yòu wàng le tā de míngzi.,また彼の名前を忘れちゃいました。,1,又 忘
v65-2,忘,動詞,我差点儿忘了，今天是你的生日！,"Wǒ chàdiǎnr wàng le, jīntiān shì nǐ de shēngrì!",危うく忘れるところだった、今日はあなたの誕生日だね！,2,差点儿 是 忘
v66-1,带,動詞,我只带了一点儿现金。,Wǒ zhǐ dài le yìdiǎnr xiànjīn.,現金は少ししか持ってきていません。,2,只 带
v66-2,带,動詞,山上比较冷，最好带一件厚外套。,"Shān shàng bǐjiào lěng, zuìhǎo dài yí jiàn hòu wàitào.",山の上はわりと寒いから、厚手の上着を持っていったほうがいいですよ。,2,比较 最好 厚 冷 上 带
v67-1,拿,動詞,东西太重了，我帮你拿。,"Dōngxi tài zhòng le, wǒ bāng nǐ ná.",荷物重すぎるでしょ、持ってあげるよ。,2,太 重 帮 拿
v67-2,拿,動詞,我去前台拿一下钥匙，你们先在这儿等我。,"Wǒ qù qiántái ná yíxià yàoshi, nǐmen xiān zài zhèr děng wǒ.",フロントで鍵を受け取ってくるから、先にここで待ってて。,3,先 在 在 等 去 拿
v68-1,放,動詞,行李先放这儿吧。,Xíngli xiān fàng zhèr ba.,荷物はとりあえずここに置きましょう。,1,先 放
v68-2,放,動詞,我的咖啡别放糖，我不喜欢太甜的。,"Wǒ de kāfēi bié fàng táng, wǒ bù xǐhuan tài tián de.",私のコーヒーには砂糖を入れないでください。甘すぎるのは苦手なので。,3,不 别 太 甜 喜欢 放
v69-1,送,動詞,不用送了，快回去吧。,"Búyòng sòng le, kuài huíqu ba.",見送りはいいから、早く戻って。,1,快 不用 回去 送
v69-2,送,動詞,这是我专门从日本带来的茶，送给你。,"Zhè shì wǒ zhuānmén cóng Rìběn dài lái de chá, sòng gěi nǐ.",わざわざ日本から持ってきたお茶です。どうぞ受け取ってください。,3,专门 是 给 来 带 送
v70-1,换,動詞,我们换个地方吧，这儿太吵了。,"Wǒmen huàn ge dìfang ba, zhèr tài chǎo le.",場所を変えましょう。ここはうるさすぎます。,2,太 吵 换
v70-2,换,動詞,机场换钱比较贵，最好去银行换。,"Jīchǎng huàn qián bǐjiào guì, zuìhǎo qù yínháng huàn.",空港での両替は割高だから、銀行で替えたほうがいいですよ。,2,比较 最好 贵 去 换
v71-1,开始,動詞,会议马上开始。,Huìyì mǎshàng kāishǐ.,会議はまもなく始まります。,1,马上 开始
v71-2,开始,動詞,从下个月开始，我每天都要早一点儿上班。,"Cóng xià ge yuè kāishǐ, wǒ měitiān dōu yào zǎo yìdiǎnr shàngbān.",来月から、毎日少し早めに出勤しなければなりません。,3,都 早 下 要 开始 上班
v72-1,完,動詞,我已经吃完了。,Wǒ yǐjīng chī wán le.,もう食べ終わりました。,1,已经 完 吃
v72-2,完,動詞,这么多工作，今天肯定做不完。,"Zhème duō gōngzuò, jīntiān kěndìng zuò bu wán.",こんなに仕事が多いと、今日中には絶対終わりません。,2,不 多 肯定 做 工作 完
v73-1,谢谢,動詞,真谢谢你！,Zhēn xièxie nǐ!,本当にありがとう！,1,真 谢谢
v73-2,谢谢,動詞,谢谢你们这几天的照顾，我玩得特别开心。,"Xièxie nǐmen zhè jǐ tiān de zhàogù, wǒ wán de tèbié kāixīn.",この数日お世話になりました。すごく楽しかったです。,3,特别 开心 照顾 得 玩 谢谢
v74-1,对不起,動詞,对不起，我又来晚了。,"Duìbuqǐ, wǒ yòu lái wǎn le.",ごめんなさい、また遅れちゃいました。,1,又 晚 来 对不起
v74-2,对不起,動詞,对不起，这件事我真的不太清楚。,"Duìbuqǐ, zhè jiàn shì wǒ zhēnde bú tài qīngchu.",すみません、その件は本当によくわからないんです。,2,不 真的 太 清楚 对不起
v75-1,像,動詞,你长得真像你妈妈。,Nǐ zhǎng de zhēn xiàng nǐ māma.,お母さんに本当にそっくりですね。,1,真 长 得 像
v75-2,像,動詞,今天天气特别好，一点儿也不像冬天。,"Jīntiān tiānqì tèbié hǎo, yìdiǎnr yě bú xiàng dōngtiān.",今日はすごくいい天気で、全然冬らしくないですね。,3,不 也 特别 好 像
v76-1,姓,動詞,我也姓铃木。,Wǒ yě xìng Língmù.,私も鈴木といいます。,1,也 姓
v76-2,姓,動詞,那位老师姓什么？我一直想不起来。,Nà wèi lǎoshī xìng shénme? Wǒ yìzhí xiǎng bu qǐlai.,あの先生の名字は何でしたっけ？ずっと思い出せなくて。,3,不 一直 起来 想 姓
v77-1,算,動詞,请帮我算一下一共多少钱。,Qǐng bāng wǒ suàn yíxià yígòng duōshao qián.,全部でいくらか計算してもらえますか。,2,一共 帮 请 算
v77-2,算,動詞,这个价格在北京算比较便宜的了。,Zhè ge jiàgé zài Běijīng suàn bǐjiào piányi de le.,この値段は、北京ではわりと安いほうですよ。,3,在 比较 便宜 在 算
v78-1,变,動詞,你一点儿都没变！,Nǐ yìdiǎnr dōu méi biàn!,全然変わってないね！,1,都 没 变
v78-2,变,動詞,这几年上海变得越来越漂亮了。,Zhè jǐ nián Shànghǎi biàn de yuèláiyuè piàoliang le.,ここ数年で、上海はどんどんきれいになりました。,2,越来越 漂亮 得 变
v79-1,发,動詞,我马上发给你。,Wǒ mǎshàng fā gěi nǐ.,すぐに送りますね。,1,马上 给 发
v79-2,发,動詞,照片拍得真好看，你发给我吧。,"Zhàopiàn pāi de zhēn hǎokàn, nǐ fā gěi wǒ ba.",写真すごくよく撮れてるね、送ってよ。,2,真 好看 给 拍 得 发
v80-1,卖,動詞,票已经卖完了。,Piào yǐjīng mài wán le.,チケットはもう売り切れました。,1,已经 完 卖
v80-2,卖,動詞,这家店卖的水果又新鲜又便宜。,Zhè jiā diàn mài de shuǐguǒ yòu xīnxiān yòu piányi.,この店の果物は新鮮で安いです。,2,又 新鲜 便宜 卖
v81-1,付,動詞,这次我来付，下次你再请。,"Zhè cì wǒ lái fù, xià cì nǐ zài qǐng.",今回は私が払うから、次はあなたがご馳走してね。,2,再 来 请 下 付
v81-2,付,動詞,打车的钱我已经付了，你不用给我。,"Dǎchē de qián wǒ yǐjīng fù le, nǐ búyòng gěi wǒ.",タクシー代はもう払ったから、くれなくていいよ。,3,已经 不用 打车 给 付
v82-1,花,動詞,我这个月又花了很多钱。,Wǒ zhè ge yuè yòu huā le hěn duō qián.,今月もまたたくさんお金を使っちゃった。,2,又 很 多 花
v82-2,花,動詞,坐地铁比较慢，大概要花一个小时。,"Zuò dìtiě bǐjiào màn, dàgài yào huā yí ge xiǎoshí.",地下鉄はわりと時間がかかって、1時間くらいかかります。,3,比较 大概 慢 坐 要 花
v83-1,试,動詞,你也试一下吧！,Nǐ yě shì yíxià ba!,あなたも試してみて！,1,也 试
v83-2,试,動詞,这双鞋有点儿小，我再试一双大一点儿的。,"Zhè shuāng xié yǒudiǎnr xiǎo, wǒ zài shì yì shuāng dà yìdiǎnr de.",この靴はちょっと小さいので、もう少し大きいのを履いてみます。,3,再 有点儿 大 小 试
v84-1,穿,動詞,你穿这件真好看！,Nǐ chuān zhè jiàn zhēn hǎokàn!,これを着るとすごく似合いますね！,1,真 好看 穿
v84-2,穿,動詞,今天特别热，穿短袖就可以了。,"Jīntiān tèbié rè, chuān duǎnxiù jiù kěyǐ le.",今日はすごく暑いから、半袖で大丈夫ですよ。,2,特别 就 热 可以 穿
v85-1,洗,動詞,我先洗一下手。,Wǒ xiān xǐ yíxià shǒu.,先に手を洗ってきます。,1,先 洗
v85-2,洗,動詞,酒店可以帮客人洗衣服，不过比较贵。,"Jiǔdiàn kěyǐ bāng kèrén xǐ yīfu, búguò bǐjiào guì.",ホテルで洗濯してもらえますが、わりと高いです。,3,比较 贵 可以 帮 洗
v86-1,休息,動詞,你先休息一下吧。,Nǐ xiān xiūxi yíxià ba.,まずはちょっと休んでください。,1,先 休息
v86-2,休息,動詞,这几天太忙了，周末我只想在家休息。,"Zhè jǐ tiān tài máng le, zhōumò wǒ zhǐ xiǎng zài jiā xiūxi.",ここ数日忙しすぎたので、週末は家で休みたいだけです。,3,只 在 太 忙 在 想 休息
v87-1,疼,動詞,我头有点儿疼。,Wǒ tóu yǒudiǎnr téng.,ちょっと頭が痛いです。,1,有点儿 疼
v87-2,疼,動詞,昨天走了一天，今天腿还疼得厉害。,"Zuótiān zǒu le yì tiān, jīntiān tuǐ hái téng de lìhai.",昨日一日中歩いたので、今日もまだ脚がすごく痛いです。,3,还 厉害 还 走 得 疼
v88-1,看见,動詞,我刚在门口看见他了。,Wǒ gāng zài ménkǒu kànjiàn tā le.,さっき入口で彼を見かけました。,2,在 刚 在 看见
v88-2,看见,動詞,从这儿能看见富士山，风景真美！,"Cóng zhèr néng kànjiàn Fùshìshān, fēngjǐng zhēn měi!",ここから富士山が見えるんですね。景色が本当にきれい！,2,真 美 能 看见
v89-1,听说,動詞,听说明天会很冷。,Tīngshuō míngtiān huì hěn lěng.,明日はすごく寒くなるそうです。,1,很 冷 会 听说
v89-2,听说,動詞,听说那家火锅店特别好吃，周末去试试吧。,"Tīngshuō nà jiā huǒguō diàn tèbié hǎochī, zhōumò qù shìshi ba.",あの火鍋の店がすごくおいしいらしいから、週末に行ってみよう。,3,特别 好吃 去 听说
v90-1,聊天,動詞,我们经常一起聊天。,Wǒmen jīngcháng yìqǐ liáotiān.,私たちはよく一緒におしゃべりします。,1,一起 经常 聊天
v90-2,聊天,動詞,跟你聊天真有意思，时间过得特别快。,"Gēn nǐ liáotiān zhēn yǒuyìsi, shíjiān guò de tèbié kuài.",あなたと話すのは本当に楽しくて、時間があっという間に過ぎますね。,3,特别 快 真 有意思 跟 过 得 聊天
v91-1,介绍,動詞,我先自我介绍一下。,Wǒ xiān zìwǒ jièshào yíxià.,まず自己紹介をさせてください。,1,先 介绍
v91-2,介绍,動詞,你能给我们介绍一下这儿最有名的菜吗？,Nǐ néng gěi wǒmen jièshào yíxià zhèr zuì yǒumíng de cài ma?,ここで一番有名な料理を紹介してもらえますか？,3,最 有名 能 给 介绍
v92-1,认为,動詞,我也这么认为。,Wǒ yě zhème rènwéi.,私もそう思います。,1,也 认为
v92-2,认为,動詞,很多人认为中文很难，其实也没那么难。,"Hěn duō rén rènwéi Zhōngwén hěn nán, qíshí yě méi nàme nán.",中国語は難しいと思っている人が多いですが、実はそれほどでもありません。,3,也 其实 很 多 没 难 认为
v93-1,希望,動詞,希望明天别下雨。,Xīwàng míngtiān bié xià yǔ.,明日、雨が降らないといいな。,1,别 下 希望
v93-2,希望,動詞,希望我们以后还有机会一起工作。,Xīwàng wǒmen yǐhòu hái yǒu jīhuì yìqǐ gōngzuò.,これからもまた一緒に仕事ができるといいですね。,3,一起 还 还 有 工作 希望
v94-1,爱,動詞,我最爱吃火锅了。,Wǒ zuì ài chī huǒguō le.,火鍋が一番の大好物です。,1,最 吃 爱
v94-2,爱,動詞,我女儿特别爱吃甜的，每天都要吃冰激凌。,"Wǒ nǚ'ér tèbié ài chī tián de, měitiān dōu yào chī bīngjīlíng.",娘は甘いものが大好きで、毎日アイスを食べたがります。,3,都 特别 甜 要 吃 爱
v95-1,怕,動詞,我有点儿怕冷。,Wǒ yǒudiǎnr pà lěng.,ちょっと寒がりなんです。,1,有点儿 冷 怕
v95-2,怕,動詞,我不怕辣，你们随便点吧。,"Wǒ bú pà là, nǐmen suíbiàn diǎn ba.",辛いのは平気なので、好きに注文してください。,2,不 随便 辣 点 怕
v96-1,准备,動詞,我还没准备好呢。,Wǒ hái méi zhǔnbèi hǎo ne.,まだ準備ができていないんです。,1,好 还 没 还 准备
v96-2,准备,動詞,我正在准备下个月的考试，特别紧张。,"Wǒ zhèngzài zhǔnbèi xià ge yuè de kǎoshì, tèbié jǐnzhāng.",来月の試験の準備中で、すごく緊張しています。,3,正在 特别 紧张 考试 下 准备
v97-1,上班,動詞,我明天也要上班。,Wǒ míngtiān yě yào shàngbān.,私は明日も仕事です。,1,也 要 上班
v97-2,上班,動詞,我家离公司比较远，上班要一个小时。,"Wǒ jiā lí gōngsī bǐjiào yuǎn, shàngbān yào yí ge xiǎoshí.",家から会社までわりと遠くて、通勤に1時間かかります。,3,比较 远 要 上班
v98-1,下班,動詞,我快下班了。,Wǒ kuài xiàbān le.,もうすぐ仕事が終わります。,1,快 下班
v98-2,下班,動詞,今天工作不多，我六点就能下班。,"Jīntiān gōngzuò bù duō, wǒ liù diǎn jiù néng xiàbān.",今日は仕事が少ないので、6時には上がれます。,2,不 多 就 点 能 工作 下班
v99-1,学习,動詞,他学习非常努力。,Tā xuéxí fēicháng nǔlì.,彼はとても熱心に勉強しています。,1,非常 努力 学习
v99-2,学习,動詞,我每天早上都学习半个小时中文。,Wǒ měitiān zǎoshang dōu xuéxí bàn ge xiǎoshí Zhōngwén.,毎朝30分、中国語を勉強しています。,3,都 学习
v100-1,见面,動詞,我们明天再见面吧。,Wǒmen míngtiān zài jiànmiàn ba.,また明日会いましょう。,1,再 见面
v100-2,见面,動詞,我们好久没见面了，你最近还好吗？,"Wǒmen hǎojiǔ méi jiànmiàn le, nǐ zuìjìn hái hǎo ma?",ずいぶん会ってないですね。最近元気にしてますか？,3,好 还 没 见面 还
v101-1,帮忙,動詞,我也来帮忙吧。,Wǒ yě lái bāngmáng ba.,私も手伝いますよ。,1,也 帮忙 来
v101-2,帮忙,動詞,搬家的时候，朋友们都来帮忙了，真感动。,"Bānjiā de shíhou, péngyoumen dōu lái bāngmáng le, zhēn gǎndòng.",引っ越しのとき、友達がみんな手伝いに来てくれて本当に感動しました。,3,都 真 帮忙 搬家 来
v102-1,点,動詞,我们先点菜吧。,Wǒmen xiān diǎn cài ba.,先に料理を注文しましょう。,1,先 点
v102-2,点,動詞,这儿的菜分量比较大，别点太多了。,"Zhèr de cài fènliàng bǐjiào dà, bié diǎn tài duō le.",ここの料理は量が多めだから、頼みすぎないでね。,3,别 比较 多 太 大 点
v103-1,打车,動詞,我们还是打车去吧。,Wǒmen háishi dǎchē qù ba.,やっぱりタクシーで行きましょう。,1,还是 打车 去
v103-2,打车,動詞,晚上这儿特别难打车，我们早点儿走吧。,"Wǎnshang zhèr tèbié nán dǎchē, wǒmen zǎo diǎnr zǒu ba.",夜はここでタクシーを拾うのがすごく大変だから、早めに出ましょう。,3,特别 早 难 打车 走
v104-1,开车,動詞,我不太会开车。,Wǒ bú tài huì kāichē.,運転はあまり得意じゃないんです。,1,不 太 开车 会
v104-2,开车,動詞,喝了酒千万别开车，太危险了。,"Hē le jiǔ qiānwàn bié kāichē, tài wēixiǎn le.",お酒を飲んだら絶対に運転しないで。危なすぎます。,2,别 千万 太 危险 开车 喝
v105-1,旅游,動詞,我经常去台湾旅游。,Wǒ jīngcháng qù Táiwān lǚyóu.,よく台湾へ旅行に行きます。,1,经常 旅游 去
v105-2,旅游,動詞,秋天去北京旅游最舒服，不冷也不热。,"Qiūtiān qù Běijīng lǚyóu zuì shūfu, bù lěng yě bú rè.",北京旅行は秋が一番快適です。寒くも暑くもないので。,3,不 最 也 热 冷 舒服 旅游 去
v106-1,结婚,動詞,他们已经结婚了。,Tāmen yǐjīng jiéhūn le.,あの二人はもう結婚しています。,1,已经 结婚
v106-2,结婚,動詞,我姐姐下个月就要结婚了，全家都特别高兴。,"Wǒ jiějie xià ge yuè jiùyào jiéhūn le, quánjiā dōu tèbié gāoxìng.",姉が来月結婚するので、家族みんなすごく喜んでいます。,3,都 特别 就要 高兴 结婚 下
v107-1,收到,動詞,我已经收到了，谢谢！,"Wǒ yǐjīng shōudào le, xièxie!",もう受け取りました、ありがとう！,1,已经 收到 谢谢
v107-2,收到,動詞,你送的礼物我收到了，真漂亮！,"Nǐ sòng de lǐwù wǒ shōudào le, zhēn piàoliang!",プレゼント届いたよ。本当にきれい！,2,真 漂亮 收到 送
v108-1,找到,動詞,钱包已经找到了，放心吧。,"Qiánbāo yǐjīng zhǎodào le, fàngxīn ba.",財布はもう見つかったから、安心して。,2,已经 找到 放心
v108-2,找到,動詞,这附近很难找到停车的地方。,Zhè fùjìn hěn nán zhǎodào tíngchē de dìfang.,この近くは車を停める場所がなかなか見つかりません。,2,很 难 找到
v109-1,看到,動詞,我刚看到你的消息。,Wǒ gāng kàndào nǐ de xiāoxi.,今ちょうどメッセージを見ました。,1,刚 看到
v109-2,看到,動詞,我在网上看到这家店，评价特别好。,"Wǒ zài wǎngshang kàndào zhè jiā diàn, píngjià tèbié hǎo.",ネットでこのお店を見つけたんですが、評価がすごくいいんです。,3,在 特别 好 看到 在
v110-1,听懂,動詞,你都听懂了吗？,Nǐ dōu tīngdǒng le ma?,全部聞き取れましたか？,1,都 听懂
v110-2,听懂,動詞,他说得太快了，我只听懂了一半。,"Tā shuō de tài kuài le, wǒ zhǐ tīngdǒng le yíbàn.",彼は話すのが速すぎて、半分しか聞き取れませんでした。,2,只 快 太 听懂 得 说
v111-1,听见,動詞,声音太小了，我没听见。,"Shēngyīn tài xiǎo le, wǒ méi tīngjiàn.",声が小さすぎて、聞こえませんでした。,2,没 太 小 听见
v111-2,听见,動詞,你刚才说什么？我真的没听见。,Nǐ gāngcái shuō shénme? Wǒ zhēnde méi tīngjiàn.,さっき何て言ったの？本当に聞こえなかった。,2,真的 没 听见 说
v112-1,麻烦,動詞,真麻烦你了！,Zhēn máfan nǐ le!,本当にお手数をおかけしました！,1,真 麻烦
v112-2,麻烦,動詞,麻烦你帮我叫一辆出租车，我有点儿急。,"Máfan nǐ bāng wǒ jiào yí liàng chūzūchē, wǒ yǒudiǎnr jí.",すみません、タクシーを1台呼んでもらえますか。ちょっと急いでいるので。,3,有点儿 麻烦 叫 帮
v113-1,借,動詞,你的伞能再借我用一下吗？,Nǐ de sǎn néng zài jiè wǒ yòng yíxià ma?,傘、もう一回貸してもらえる？,2,再 借 能 用
v113-2,借,動詞,图书馆的书只能借两个星期。,Túshūguǎn de shū zhǐ néng jiè liǎng ge xīngqī.,図書館の本は2週間しか借りられません。,2,只 借 能
v114-1,联系,動詞,我们以后常常联系吧！,Wǒmen yǐhòu chángcháng liánxì ba!,これからもちょくちょく連絡を取り合いましょう！,2,常常 联系
v114-2,联系,動詞,我一直联系不上他，真着急。,"Wǒ yìzhí liánxì bu shàng tā, zhēn zháojí.",ずっと彼と連絡がつかなくて、本当に焦っています。,2,不 一直 真 着急 联系 上
v115-1,决定,動詞,我们终于决定去哪儿了！,Wǒmen zhōngyú juédìng qù nǎr le!,やっと行き先が決まった！,2,终于 决定 去
v115-2,决定,動詞,这两件都挺好看的，我实在决定不了。,"Zhè liǎng jiàn dōu tǐng hǎokàn de, wǒ shízài juédìng bu liǎo.",どっちもすごく素敵で、なかなか決められません。,3,不 都 挺 好看 决定
v116-1,考虑,動詞,我再考虑一下。,Wǒ zài kǎolǜ yíxià.,もう少し考えてみます。,1,再 考虑
v116-2,考虑,動詞,这个价格有点儿贵，我得好好考虑一下。,"Zhè ge jiàgé yǒudiǎnr guì, wǒ děi hǎohāo kǎolǜ yíxià.",この値段はちょっと高いので、よく考えないと。,3,有点儿 贵 考虑 得
v117-1,担心,動詞,你别担心，一切都很顺利。,"Nǐ bié dānxīn, yíqiè dōu hěn shùnlì.",心配しないで、すべて順調だから。,2,别 都 很 顺利 担心
v117-2,担心,動詞,孩子这么晚还没回家，妈妈特别担心。,"Háizi zhème wǎn hái méi huíjiā, māma tèbié dānxīn.",子どもがこんなに遅くなってもまだ帰らないので、母親はすごく心配しています。,3,特别 还 没 晚 担心 还 回家
v118-1,生气,動詞,你还在生气吗？,Nǐ hái zài shēngqì ma?,まだ怒ってるの？,1,在 还 生气 在 还
v118-2,生气,動詞,老板今天好像特别生气，大家都很紧张。,"Lǎobǎn jīntiān hǎoxiàng tèbié shēngqì, dàjiā dōu hěn jǐnzhāng.",社長は今日すごく怒っているみたいで、みんなピリピリしています。,3,好像 都 特别 很 紧张 生气
v119-1,笑,動詞,他笑起来特别可爱。,Tā xiào qǐlai tèbié kě'ài.,彼は笑うとすごくかわいいです。,1,特别 可爱 笑 起来
v119-2,笑,動詞,那个节目特别有意思，我一直笑个不停。,"Nà ge jiémù tèbié yǒuyìsi, wǒ yìzhí xiào ge bù tíng.",あの番組がすごく面白くて、ずっと笑いが止まりませんでした。,3,不 一直 特别 有意思 笑 停
v120-1,哭,動詞,别哭了，没事的。,"Bié kū le, méishì de.",泣かないで、大丈夫だよ。,1,别 哭
v120-2,哭,動詞,这部电影太感人了，我看的时候一直在哭。,"Zhè bù diànyǐng tài gǎnrén le, wǒ kàn de shíhou yìzhí zài kū.",この映画は本当に感動的で、見ている間ずっと泣いていました。,3,在 一直 太 看 哭 在
v121-1,以为,動詞,我以为你已经走了。,Wǒ yǐwéi nǐ yǐjīng zǒu le.,もう帰ったと思っていました。,1,已经 以为 走
v121-2,以为,動詞,我一直以为这家店很贵，其实挺便宜的。,"Wǒ yìzhí yǐwéi zhè jiā diàn hěn guì, qíshí tǐng piányi de.",この店はずっと高いと思っていたけど、実はけっこう安いんです。,3,其实 一直 挺 很 贵 便宜 以为
v122-1,感觉,動詞,我感觉有点儿冷。,Wǒ gǎnjué yǒudiǎnr lěng.,ちょっと寒く感じます。,1,有点儿 冷 感觉
v122-2,感觉,動詞,第一次来上海，我感觉这儿的人都特别热情。,"Dìyī cì lái Shànghǎi, wǒ gǎnjué zhèr de rén dōu tèbié rèqíng.",初めて上海に来ましたが、ここの人はみんなすごく親切だと感じます。,3,都 特别 热情 感觉 来
v123-1,发现,動詞,我突然发现钱包不见了。,Wǒ tūrán fāxiàn qiánbāo bú jiàn le.,ふと気づいたら財布がなくなっていました。,2,不 突然 发现 见
v123-2,发现,動詞,我发现一家特别安静的咖啡店，离公司很近。,"Wǒ fāxiàn yì jiā tèbié ānjìng de kāfēidiàn, lí gōngsī hěn jìn.",すごく静かなカフェを見つけました。会社からも近いんです。,3,特别 很 近 安静 发现
v124-1,丢,動詞,我的伞又丢了。,Wǒ de sǎn yòu diū le.,また傘をなくしちゃいました。,1,又 丢
v124-2,丢,動詞,在地铁上丢了东西，可以先去服务台问一下。,"Zài dìtiě shàng diū le dōngxi, kěyǐ xiān qù fúwùtái wèn yíxià.",地下鉄で物をなくしたら、まず案内所で聞いてみるといいですよ。,3,先 在 丢 可以 在 问 去 上
v125-1,教,動詞,我来教你吧，很简单的。,"Wǒ lái jiào nǐ ba, hěn jiǎndān de.",教えてあげるよ、簡単だから。,2,很 简单 教 来
v125-2,教,動詞,公司的中文老师教得特别好，也很有耐心。,"Gōngsī de Zhōngwén lǎoshī jiào de tèbié hǎo, yě hěn yǒu nàixīn.",会社の中国語の先生は教え方がすごく上手で、とても辛抱強いです。,3,也 特别 很 好 教 有 得
v126-1,读,動詞,这个字我又读错了。,Zhè ge zì wǒ yòu dú cuò le.,この字、また読み間違えちゃった。,1,又 错 读
v126-2,读,動詞,这本书特别有意思，我一个晚上就读完了。,"Zhè běn shū tèbié yǒuyìsi, wǒ yí ge wǎnshang jiù dú wán le.",この本はすごく面白くて、一晩で読み終えてしまいました。,3,特别 就 有意思 读 完
v127-1,查,動詞,我马上帮你查一下。,Wǒ mǎshàng bāng nǐ chá yíxià.,すぐに調べてみますね。,1,马上 查 帮
v127-2,查,動詞,这个词我查了半天，还是不太明白。,"Zhè ge cí wǒ chá le bàntiān, háishi bú tài míngbai.",この単語をずいぶん調べたけど、やっぱりよくわかりません。,3,不 还是 太 查 明白
v128-1,讲,動詞,你讲得真清楚！,Nǐ jiǎng de zhēn qīngchu!,説明がすごくわかりやすいですね！,1,真 清楚 讲 得
v128-2,讲,動詞,导游讲的故事特别有意思，大家都很喜欢。,"Dǎoyóu jiǎng de gùshi tèbié yǒuyìsi, dàjiā dōu hěn xǐhuan.",ガイドさんの話がすごく面白くて、みんな気に入っていました。,3,都 特别 很 有意思 讲 喜欢
v129-1,说话,動詞,他说话总是很慢。,Tā shuōhuà zǒngshì hěn màn.,彼はいつもゆっくり話します。,1,很 总是 慢 说话
v129-2,说话,動詞,在图书馆里最好别大声说话。,Zài túshūguǎn lǐ zuìhǎo bié dàshēng shuōhuà.,図書館の中では大きな声で話さないほうがいいです。,2,别 在 最好 说话 在
v130-1,回答,動詞,这个问题很难回答。,Zhè ge wèntí hěn nán huídá.,この質問は答えるのが難しいです。,1,很 难 回答
v130-2,回答,動詞,他回答得特别快，好像早就准备好了。,"Tā huídá de tèbié kuài, hǎoxiàng zǎojiù zhǔnbèi hǎo le.",彼はすごく早く答えました。前から準備していたみたいです。,3,好像 特别 快 好 早就 回答 得 准备
v131-1,关,動詞,太冷了，把窗户关上吧。,"Tài lěng le, bǎ chuānghu guān shàng ba.",寒すぎるから、窓を閉めましょう。,2,太 冷 关 上
v131-2,关,動詞,超市九点就关门了，我们得快点儿。,"Chāoshì jiǔ diǎn jiù guān mén le, wǒmen děi kuài diǎnr.",スーパーは9時に閉まっちゃうから、急がないと。,3,快 就 点 关 得
v132-1,打开,動詞,可以打开窗户吗？有点儿热。,Kěyǐ dǎkāi chuānghu ma? Yǒudiǎnr rè.,窓を開けてもいいですか？ちょっと暑くて。,2,有点儿 热 打开 可以
v132-2,打开,動詞,我每天早上一起床就先打开手机看看新闻。,Wǒ měitiān zǎoshang yì qǐchuáng jiù xiān dǎkāi shǒujī kànkan xīnwén.,毎朝起きたら、まずスマホを開いてニュースを見ます。,3,先 就 打开 起床
v133-1,离开,動詞,我明天就离开北京了。,Wǒ míngtiān jiù líkāi Běijīng le.,明日にはもう北京を離れます。,2,就 离开
v133-2,离开,動詞,离开家已经十年了，我还是特别想家。,"Líkāi jiā yǐjīng shí nián le, wǒ háishi tèbié xiǎng jiā.",家を出てもう10年になるけど、今でもすごく家が恋しいです。,3,已经 特别 还是 离开 想
v134-1,跑,動詞,他跑得特别快。,Tā pǎo de tèbié kuài.,彼は走るのがすごく速いです。,1,特别 快 跑 得
v134-2,跑,動詞,我最近每天早上都去公园跑一会儿。,Wǒ zuìjìn měitiān zǎoshang dōu qù gōngyuán pǎo yíhuìr.,最近、毎朝公園で少し走っています。,3,都 跑 去
v135-1,跟,動詞,你们先跟我来吧。,Nǐmen xiān gēn wǒ lái ba.,まずは私についてきてください。,1,先 跟 来
v135-2,跟,動詞,这儿人特别多，你一定要跟着我。,"Zhèr rén tèbié duō, nǐ yídìng yào gēn zhe wǒ.",ここはすごく人が多いから、絶対に私から離れないでね。,2,一定 特别 多 跟 要
v136-1,过,動詞,过马路一定要小心。,Guò mǎlù yídìng yào xiǎoxīn.,道を渡るときは必ず気をつけてください。,1,一定 过 小心 要
v136-2,过,動詞,今年生日我只想跟家人一起过。,Jīnnián shēngrì wǒ zhǐ xiǎng gēn jiārén yìqǐ guò.,今年の誕生日は、家族とだけ過ごしたいです。,2,一起 只 跟 过 想
v137-1,进来,動詞,外面冷，快进来吧！,"Wàimiàn lěng, kuài jìnlai ba!",外は寒いから、早く入って！,1,快 冷 进来
v137-2,进来,動詞,门没锁，你直接进来就行，不用敲门。,"Mén méi suǒ, nǐ zhíjiē jìnlai jiù xíng, búyòng qiāomén.",鍵はかかってないから、ノックしないでそのまま入ってきていいよ。,3,不用 就 没 进来
v138-1,起来,動詞,快起来，要迟到了！,"Kuài qǐlai, yào chídào le!",早く起きて、遅刻するよ！,1,快 起来 迟到 要
v138-2,起来,動詞,我今天起来得太晚了，差点儿没赶上飞机。,"Wǒ jīntiān qǐlai de tài wǎn le, chàdiǎnr méi gǎnshang fēijī.",今日は起きるのが遅すぎて、危うく飛行機に乗り遅れるところでした。,3,差点儿 没 太 晚 起来 得
v139-1,出发,動詞,我们明天一早就出发。,Wǒmen míngtiān yìzǎo jiù chūfā.,明日の朝一番に出発します。,2,就 出发
v139-2,出发,動詞,大家都到齐了吗？我们十分钟以后出发。,Dàjiā dōu dào qí le ma? Wǒmen shí fēnzhōng yǐhòu chūfā.,皆さんそろいましたか？10分後に出発します。,3,都 出发 到
v140-1,出门,動詞,我刚要出门。,Wǒ gāng yào chūmén.,ちょうど出かけようとしていたところです。,1,刚 出门 要
v140-2,出门,動詞,出门的时候一定要带护照，很重要。,"Chūmén de shíhou yídìng yào dài hùzhào, hěn zhòngyào.",出かけるときは必ずパスポートを持っていってください。大事ですから。,3,一定 很 重要 出门 要 带
v141-1,敢,動詞,我真不敢相信！,Wǒ zhēn bù gǎn xiāngxìn!,本当に信じられない！,1,不 真 敢 相信
v141-2,敢,動詞,那条路晚上特别黑，我一个人不敢走。,"Nà tiáo lù wǎnshang tèbié hēi, wǒ yí ge rén bù gǎn zǒu.",あの道は夜すごく暗いので、一人では歩けません。,3,不 特别 黑 敢 走
v142-1,愿意,動詞,你愿意跟我一起去吗？,Nǐ yuànyì gēn wǒ yìqǐ qù ma?,一緒に行ってくれますか？,2,一起 跟 愿意 去
v142-2,愿意,動詞,离家太远了，我不太愿意去那家公司。,"Lí jiā tài yuǎn le, wǒ bú tài yuànyì qù nà jiā gōngsī.",家から遠すぎるので、その会社にはあまり行きたくないです。,3,不 太 远 愿意 去
v143-1,欢迎,動詞,欢迎你们再来！,Huānyíng nǐmen zài lái!,またのお越しをお待ちしています！,1,再 欢迎 来
v143-2,欢迎,動詞,我家虽然很小，可是非常欢迎你来玩儿。,"Wǒ jiā suīrán hěn xiǎo, kěshì fēicháng huānyíng nǐ lái wánr.",うちは狭いけど、遊びに来てくれたら大歓迎です。,3,非常 很 小 欢迎 来
v144-1,请客,動詞,今天我请客，别客气！,"Jīntiān wǒ qǐngkè, bié kèqi!",今日は私のおごりです。遠慮しないで！,1,别 客气 请客
v144-2,请客,動詞,这次又是你请客，真不好意思。,"Zhè cì yòu shì nǐ qǐngkè, zhēn bù hǎoyìsi.",今回もまたご馳走になってしまって、本当にすみません。,2,不 又 真 是 请客
v145-1,加,動詞,我们互相加个微信吧。,Wǒmen hùxiāng jiā ge Wēixìn ba.,お互いにWeChatを交換しましょう。,2,互相 加
v145-2,加,動詞,这杯咖啡太苦了，再加一点儿糖吧。,"Zhè bēi kāfēi tài kǔ le, zài jiā yìdiǎnr táng ba.",このコーヒーは苦すぎるから、もう少し砂糖を入れよう。,3,再 太 苦 加
v146-1,扫,動詞,你直接扫这个码就行。,Nǐ zhíjiē sǎo zhè ge mǎ jiù xíng.,このコードをそのままスキャンすれば大丈夫です。,2,就 扫
v146-2,扫,動詞,在中国买东西，扫码付钱特别方便。,"Zài Zhōngguó mǎi dōngxi, sǎo mǎ fù qián tèbié fāngbiàn.",中国で買い物するときは、コードをスキャンして払えるのですごく便利です。,3,在 特别 方便 扫 在 买 付
v147-1,刷,動詞,这儿也能刷卡吗？,Zhèr yě néng shuā kǎ ma?,ここもカードで払えますか？,1,也 能 刷
v147-2,刷,動詞,睡觉前一定要刷牙，这是好习惯。,"Shuìjiào qián yídìng yào shuā yá, zhè shì hǎo xíguàn.",寝る前は必ず歯を磨くこと。いい習慣ですよ。,2,一定 好 是 刷 习惯 睡觉 要
v148-1,订,動詞,我已经订好酒店了。,Wǒ yǐjīng dìng hǎo jiǔdiàn le.,ホテルはもう予約してあります。,1,已经 好 订
v148-2,订,動詞,国庆节机票特别贵，最好早点儿订。,"Guóqìngjié jīpiào tèbié guì, zuìhǎo zǎo diǎnr dìng.",国慶節の航空券はすごく高いので、早めに予約したほうがいいですよ。,3,特别 最好 早 贵 订
v149-1,选,動詞,你先选吧。,Nǐ xiān xuǎn ba.,お先に選んでください。,1,先 选
v149-2,选,動詞,这么多颜色，我真不知道该选哪个。,"Zhème duō yánsè, wǒ zhēn bù zhīdào gāi xuǎn nǎ ge.",こんなに色が多いと、どれを選べばいいか本当にわかりません。,3,不 多 真 知道 选 该
v150-1,够,動詞,我们的钱还够吗？,Wǒmen de qián hái gòu ma?,お金、まだ足りる？,1,还 够 还
v150-2,够,動詞,这些菜可能不够，大家都很饿吧？,"Zhèxiē cài kěnéng bú gòu, dàjiā dōu hěn è ba?",この料理だけじゃ足りないかも。みんなお腹すいてるでしょう？,2,不 可能 都 很 饿 够
v151-1,差,動詞,我还差五块钱。,Wǒ hái chà wǔ kuài qián.,あと5元足りません。,1,还 差 还
v151-2,差,動詞,这个太贵了，我还差一百块。,"Zhège tài guì le, wǒ hái chà yìbǎi kuài.",これは高すぎて、まだ100元足りません。,2,还 太 贵 差 还
v152-1,结束,動詞,会议马上就结束了。,Huìyì mǎshàng jiù jiéshù le.,会議はもうすぐ終わります。,1,马上 就 结束
v152-2,结束,動詞,今天的课已经结束了，真累啊。,"Jīntiān de kè yǐjīng jiéshù le, zhēn lèi a.",今日の授業はもう終わった、本当に疲れた。,2,已经 真 累 结束
v153-1,开会,動詞,我们下午一起开会吧。,Wǒmen xiàwǔ yìqǐ kāihuì ba.,午後に一緒に会議をしましょう。,2,一起 开会
v153-2,开会,動詞,老板今天一直在开会，特别忙。,"Lǎobǎn jīntiān yìzhí zài kāihuì, tèbié máng.",社長は今日ずっと会議で、すごく忙しいです。,2,在 一直 特别 忙 在 开会
v154-1,加班,動詞,你今天又加班吗？太辛苦了。,Nǐ jīntiān yòu jiābān ma? Tài xīnkǔ le.,今日もまた残業？大変ですね。,2,又 太 辛苦 加班
v154-2,加班,動詞,最近经常加班，我越来越累了。,"Zuìjìn jīngcháng jiābān, wǒ yuèláiyuè lèi le.",最近よく残業していて、どんどん疲れがたまってきた。,2,经常 越来越 累 加班
v155-1,上课,動詞,我们八点才上课。,Wǒmen bā diǎn cái shàngkè.,授業は8時からなんです。,1,才 点 上课
v155-2,上课,動詞,明天早上七点就上课，太早了！,"Míngtiān zǎoshang qī diǎn jiù shàngkè, tài zǎo le!",明日は朝7時から授業なんて、早すぎる！,2,就 太 早 点 上课
v156-1,练习,動詞,我每天都练习发音。,Wǒ měitiān dōu liànxí fāyīn.,毎日発音の練習をしています。,1,都 练习
v156-2,练习,動詞,声调真难，还要多练习。,"Shēngdiào zhēn nán, hái yào duō liànxí.",声調は本当に難しい、もっと練習しないと。,2,多 还 真 难 练习 还 要
v157-1,洗澡,動詞,我先洗澡，你等一下。,"Wǒ xiān xǐzǎo, nǐ děng yíxià.",先にお風呂に入るから、ちょっと待ってて。,1,先 洗澡 等
v157-2,洗澡,動詞,这里的水一直不热，怎么洗澡？,"Zhèli de shuǐ yìzhí bú rè, zěnme xǐzǎo?",ここのお湯がずっとぬるいんですが、これでどうやってお風呂に入ればいいんですか？,2,不 一直 热 洗澡
v158-1,感冒,動詞,我好像感冒了。,Wǒ hǎoxiàng gǎnmào le.,風邪をひいたみたいです。,1,好像 感冒
v158-2,感冒,動詞,最近突然变冷了，小心别感冒。,"Zuìjìn tūrán biàn lěng le, xiǎoxīn bié gǎnmào.",最近急に寒くなったから、風邪をひかないように気をつけて。,2,别 突然 冷 感冒 小心 变
v159-1,生病,動詞,他又生病了吗？,Tā yòu shēngbìng le ma?,彼はまた病気になったんですか？,1,又 生病
v159-2,生病,動詞,她最近太累了，所以生病了。,"Tā zuìjìn tài lèi le, suǒyǐ shēngbìng le.",彼女は最近疲れすぎて、体調を崩してしまいました。,2,太 累 生病
v160-1,发烧,動詞,孩子有点儿发烧。,Háizi yǒudiǎnr fāshāo.,子どもが少し熱を出しています。,1,有点儿 发烧
v160-2,发烧,動詞,我昨天晚上突然发烧了，特别难受。,"Wǒ zuótiān wǎnshang tūrán fāshāo le, tèbié nánshòu.",昨日の夜急に熱が出て、すごくつらかったです。,3,特别 突然 难受 发烧
v161-1,看病,動詞,你脸色不好，最好去医院看病。,"Nǐ liǎnsè bù hǎo, zuìhǎo qù yīyuàn kànbìng.",顔色が悪いよ、病院で診てもらったほうがいい。,2,不 好 最好 看病 去
v161-2,看病,動詞,听说这家医院看病特别快。,Tīngshuō zhè jiā yīyuàn kànbìng tèbié kuài.,この病院は診察がすごく早いらしいです。,2,特别 快 看病 听说
v162-1,吃药,動詞,你已经吃药了吗？,Nǐ yǐjīng chīyào le ma?,もう薬は飲みましたか？,1,已经 吃药
v162-2,吃药,動詞,医生说饭后再吃药比较好。,Yīshēng shuō fànhòu zài chīyào bǐjiào hǎo.,薬は食後に飲んだほうがいいとお医者さんに言われました。,2,再 比较 好 吃药 说
v163-1,睡,動詞,你怎么还不睡？已经不早了。,Nǐ zěnme hái bú shuì? Yǐjīng bù zǎo le.,どうしてまだ寝ないの？もう遅いよ。,2,不 已经 还 早 睡 还
v163-2,睡,動詞,昨天我只睡了四个小时，太困了。,"Zuótiān wǒ zhǐ shuì le sì ge xiǎoshí, tài kùn le.",昨日は4時間しか寝ていなくて、眠すぎます。,2,只 太 困 睡
v164-1,醒,動詞,我早上五点就醒了。,Wǒ zǎoshang wǔ diǎn jiù xǐng le.,朝5時にはもう目が覚めました。,1,就 点 醒
v164-2,醒,動詞,外面太吵了，我半夜又醒了。,"Wàimiàn tài chǎo le, wǒ bànyè yòu xǐng le.",外がうるさすぎて、夜中にまた目が覚めてしまった。,2,又 太 吵 醒
v165-1,喝酒,動詞,周末我偶尔喝酒。,Zhōumò wǒ ǒu'ěr hējiǔ.,週末はたまにお酒を飲みます。,1,偶尔 喝酒
v165-2,喝酒,動詞,今天忙了一天，一起去喝酒放松一下吧。,"Jīntiān máng le yì tiān, yìqǐ qù hējiǔ fàngsōng yíxià ba.",今日は一日忙しかったから、一緒に飲みに行ってリラックスしよう。,3,一起 忙 喝酒 放松 去
v166-1,抽烟,動詞,他已经不抽烟了。,Tā yǐjīng bù chōuyān le.,彼はもうタバコをやめました。,1,不 已经 抽烟
v166-2,抽烟,動詞,这里到处都不能抽烟，真不方便。,"Zhèli dàochù dōu bù néng chōuyān, zhēn bù fāngbiàn.",ここはどこでもタバコが吸えなくて、本当に不便です。,2,不 都 真 到处 方便 能 抽烟
v167-1,尝,動詞,你先尝一下，有点儿辣。,"Nǐ xiān cháng yíxià, yǒudiǎnr là.",まずちょっと味見してみて、少し辛いよ。,2,先 有点儿 辣 尝
v167-2,尝,動詞,这个菜特别好吃，你也尝一下吧。,"Zhège cài tèbié hǎochī, nǐ yě cháng yíxià ba.",この料理すごくおいしいから、あなたも味見してみて。,2,也 特别 好吃 尝
v168-1,做饭,動詞,你经常做饭吗？,Nǐ jīngcháng zuòfàn ma?,よく料理をしますか？,1,经常 做饭
v168-2,做饭,動詞,我妈妈做饭特别好吃。,Wǒ māma zuòfàn tèbié hǎochī.,母の作るご飯はすごくおいしいんです。,2,特别 好吃 做饭
v169-1,同意,動詞,我也同意你的看法。,Wǒ yě tóngyì nǐ de kànfǎ.,私もあなたの意見に賛成です。,1,也 同意
v169-2,同意,動詞,这个计划太贵了，老板可能不同意。,"Zhège jìhuà tài guì le, lǎobǎn kěnéng bù tóngyì.",この計画はお金がかかりすぎるから、社長は賛成しないかもしれません。,3,不 可能 太 贵 同意
v170-1,相信,動詞,我当然相信你。,Wǒ dāngrán xiāngxìn nǐ.,もちろんあなたを信じています。,1,当然 相信
v170-2,相信,動詞,这么便宜？我真不敢相信！,Zhème piányi? Wǒ zhēn bù gǎn xiāngxìn!,こんなに安いの？本当に信じられない！,2,不 真 便宜 敢 相信
v171-1,放心,動詞,你放心吧，我马上到。,"Nǐ fàngxīn ba, wǒ mǎshàng dào.",安心して、すぐ着くから。,1,马上 放心 到
v171-2,放心,動詞,孩子一个人去旅行，我还是不太放心。,"Háizi yígèrén qù lǚxíng, wǒ háishi bú tài fàngxīn.",子どもが一人で旅行に行くのは、やっぱりちょっと心配です。,3,不 还是 太 放心 去
v172-1,理解,動詞,我非常理解你。,Wǒ fēicháng lǐjiě nǐ.,あなたの気持ちはよくわかります。,1,非常 理解
v172-2,理解,動詞,这句话有点儿难，我不太理解。,"Zhè jù huà yǒudiǎnr nán, wǒ bú tài lǐjiě.",この言い方はちょっと難しくて、よくわかりません。,2,不 有点儿 太 难 理解
v173-1,注意,動詞,路上一定要注意安全。,Lùshang yídìng yào zhùyì ānquán.,道中くれぐれも気をつけてください。,2,一定 安全 注意 要
v173-2,注意,動詞,最近天气变化大，要特别注意身体。,"Zuìjìn tiānqì biànhuà dà, yào tèbié zhùyì shēntǐ.",最近は天気の変化が大きいので、特に体に気をつけてください。,3,特别 大 注意 要
v174-1,小心,動詞,路很滑，小心一点儿！,"Lù hěn huá, xiǎoxīn yìdiǎnr!",道が滑りやすいから、気をつけて！,1,很 小心
v174-2,小心,動詞,晚上一个人走路比较危险，千万要小心。,"Wǎnshang yígèrén zǒulù bǐjiào wēixiǎn, qiānwàn yào xiǎoxīn.",夜に一人で歩くのはわりと危ないから、くれぐれも気をつけて。,3,比较 千万 危险 小心 走路 要
v175-1,习惯,動詞,这里的菜有点儿辣，你习惯了吗？,"Zhèli de cài yǒudiǎnr là, nǐ xíguàn le ma?",ここの料理は少し辛いけど、もう慣れましたか？,2,有点儿 辣 习惯
v175-2,习惯,動詞,北京的冬天太冷，我还不习惯。,"Běijīng de dōngtiān tài lěng, wǒ hái bù xíguàn.",北京の冬は寒すぎて、まだ慣れません。,2,不 还 太 冷 习惯 还
v176-1,发生,動詞,外面到底发生了什么？,Wàimiàn dàodǐ fāshēng le shénme?,外でいったい何が起きたんですか？,2,到底 发生
v176-2,发生,動詞,这种小事经常发生，别太担心。,"Zhè zhǒng xiǎo shì jīngcháng fāshēng, bié tài dānxīn.",こういうちょっとしたことはよくあるから、あまり心配しないで。,2,别 经常 太 小 担心 发生
v177-1,遇到,動詞,我刚在车站遇到老师。,Wǒ gāng zài chēzhàn yùdào lǎoshī.,さっき駅で先生にばったり会いました。,2,在 刚 在 遇到
v177-2,遇到,動詞,路上如果遇到堵车，可能会晚一点儿。,"Lùshang rúguǒ yùdào dǔchē, kěnéng huì wǎn yìdiǎnr.",途中で渋滞にあったら、少し遅れるかもしれません。,3,可能 晚 会 遇到 堵车
v178-1,解决,動詞,问题已经解决了。,Wèntí yǐjīng jiějué le.,問題はもう解決しました。,1,已经 解决
v178-2,解决,動詞,这个问题不难，我们一定能解决。,"Zhège wèntí bù nán, wǒmen yídìng néng jiějué.",この問題は難しくないから、きっと解決できます。,2,不 一定 难 能 解决
v179-1,完成,動詞,工作终于完成了！,Gōngzuò zhōngyú wánchéng le!,仕事がやっと終わった！,1,终于 完成 工作
v179-2,完成,動詞,工作太多了，明天才能完成。,"Gōngzuò tài duō le, míngtiān cái néng wánchéng.",仕事が多すぎて、明日にならないと終わりません。,2,才 多 太 能 完成 工作
v180-1,当,動詞,我一直想当导游。,Wǒ yìzhí xiǎng dāng dǎoyóu.,ずっとガイドになりたいと思っています。,1,一直 当 想
v180-2,当,動詞,他在公司当经理，每天都非常忙。,"Tā zài gōngsī dāng jīnglǐ, měitiān dōu fēicháng máng.",彼は会社でマネージャーをしていて、毎日とても忙しいです。,2,在 非常 都 忙 在 当
v181-1,长大,動詞,孩子都长大了，时间过得真快。,"Háizi dōu zhǎngdà le, shíjiān guò de zhēn kuài.",子どもたちはみんな大きくなって、時が経つのは本当に早いですね。,2,都 快 真 过 长大 得
v181-2,长大,動詞,我是在大阪长大的，那里的菜特别好吃。,"Wǒ shì zài Dàbǎn zhǎngdà de, nàli de cài tèbié hǎochī.",私は大阪育ちなんですが、大阪の料理はすごくおいしいですよ。,3,在 特别 好吃 是 在 长大
v182-1,出生,動詞,我也是在东京出生的。,Wǒ yě shì zài Dōngjīng chūshēng de.,私も東京生まれです。,2,也 在 是 在 出生
v182-2,出生,動詞,我女儿是去年出生的，简直太可爱了。,"Wǒ nǚ'ér shì qùnián chūshēng de, jiǎnzhí tài kě'ài le.",娘は去年生まれたばかりで、本当にかわいくてたまりません。,3,太 简直 可爱 是 出生
v183-1,生活,動詞,我已经在上海生活三年了。,Wǒ yǐjīng zài Shànghǎi shēnghuó sān nián le.,上海で暮らしてもう3年になります。,2,已经 在 在 生活
v183-2,生活,動詞,这里生活挺方便，不过东西有点儿贵。,"Zhèli shēnghuó tǐng fāngbiàn, búguò dōngxi yǒudiǎnr guì.",ここは生活がわりと便利だけど、物がちょっと高いです。,3,有点儿 挺 方便 贵 生活
v184-1,搬家,動詞,我们下个月就要搬家了。,Wǒmen xià ge yuè jiùyào bānjiā le.,来月にはもう引っ越します。,2,就要 搬家 下
v184-2,搬家,動詞,搬家真累，东西实在太多了。,"Bānjiā zhēn lèi, dōngxi shízài tài duō le.",引っ越しは本当に疲れる、物が多すぎて。,2,多 太 真 累 搬家
v185-1,搬,動詞,这个箱子太重了，搬不动。,"Zhège xiāngzi tài zhòng le, bān bú dòng.",この箱は重すぎて運べません。,2,不 太 重 搬
v185-2,搬,動詞,这张桌子挺大的，我们一起搬吧。,"Zhè zhāng zhuōzi tǐng dà de, wǒmen yìqǐ bān ba.",このテーブルはけっこう大きいから、一緒に運ぼう。,2,一起 挺 大 搬
v186-1,修,動詞,空调坏了，能马上修吗？,"Kōngtiáo huài le, néng mǎshàng xiū ma?",エアコンが壊れたんですが、すぐ修理してもらえますか？,2,马上 能 修
v186-2,修,動詞,这台电脑太旧了，还是别修了。,"Zhè tái diànnǎo tài jiù le, háishi bié xiū le.",このパソコンは古すぎるから、修理はやめておこう。,2,别 还是 太 旧 修
v187-1,掉,動詞,我的钱包好像掉了。,Wǒ de qiánbāo hǎoxiàng diào le.,財布を落としたみたいです。,1,好像 掉
v187-2,掉,動詞,手机差点儿掉进水里，真危险！,"Shǒujī chàdiǎnr diào jìn shuǐ li, zhēn wēixiǎn!",スマホが危うく水に落ちるところだった、本当に危なかった！,2,差点儿 真 危险 掉 进
v188-1,感谢,動詞,非常感谢您的帮助。,Fēicháng gǎnxiè nín de bāngzhù.,ご協力に心から感謝します。,1,非常 感谢 帮助
v188-2,感谢,動詞,这几天您一直照顾我，真的很感谢。,"Zhè jǐ tiān nín yìzhí zhàogù wǒ, zhēnde hěn gǎnxiè.",この数日ずっとお世話になって、本当にありがとうございました。,3,一直 真的 很 感谢 照顾
v189-1,祝,動詞,祝你每天都开心！,Zhù nǐ měitiān dōu kāixīn!,毎日楽しく過ごせますように！,1,都 开心 祝
v189-2,祝,動詞,祝你在中国的生活一切都顺利。,Zhù nǐ zài Zhōngguó de shēnghuó yíqiè dōu shùnlì.,中国での生活がすべて順調にいきますように。,2,在 都 顺利 在 生活 祝
v190-1,恭喜,動詞,恭喜你终于找到工作了！,Gōngxǐ nǐ zhōngyú zhǎodào gōngzuò le!,ついに仕事が見つかったんですね、おめでとう！,2,终于 找到 恭喜 工作
v190-2,恭喜,動詞,听说你下个月就要结婚了，恭喜！,"Tīngshuō nǐ xià ge yuè jiùyào jiéhūn le, gōngxǐ!",来月結婚するんだってね、おめでとう！,2,就要 结婚 恭喜 下 听说
v191-1,照顾,動詞,我会一直照顾你的。,Wǒ huì yìzhí zhàogù nǐ de.,これからもずっと面倒を見るからね。,1,一直 会 照顾
v191-2,照顾,動詞,这几天我不在，麻烦你顺便照顾一下猫。,"Zhè jǐ tiān wǒ bú zài, máfan nǐ shùnbiàn zhàogù yíxià māo.",数日留守にするので、ついでに猫の世話をお願いできますか。,3,不 在 顺便 麻烦 在 照顾
v192-1,帮助,動詞,谢谢你一直帮助我。,Xièxie nǐ yìzhí bāngzhù wǒ.,いつも助けてくれてありがとう。,1,一直 帮助 谢谢
v192-2,帮助,動詞,他特别热情，经常帮助新同事。,"Tā tèbié rèqíng, jīngcháng bāngzhù xīn tóngshì.",彼はとても親切で、よく新しい同僚を手伝っています。,2,特别 经常 新 热情 帮助
v193-1,还,動詞,借的钱我已经还了，你放心吧。,"Jiè de qián wǒ yǐjīng huán le, nǐ fàngxīn ba.",借りたお金はもう返したから、安心して。,2,已经 还 借 放心 还
v193-2,还,動詞,这本书真好看，我看完马上还你。,"Zhè běn shū zhēn hǎokàn, wǒ kàn wán mǎshàng huán nǐ.",この本は本当に面白いね、読み終わったらすぐ返すよ。,2,马上 还 真 好看 看 还 完
v194-1,约,動詞,我们再约时间吧。,Wǒmen zài yuē shíjiān ba.,また日にちを決めましょう。,1,再 约
v194-2,约,動詞,我约了朋友，周末天气好就去爬山。,"Wǒ yuē le péngyou, zhōumò tiānqì hǎo jiù qù pá shān.",友達と約束していて、週末天気がよければ山登りに行きます。,3,好 就 约 去
v195-1,接,動詞,我马上去机场接你。,Wǒ mǎshàng qù jīchǎng jiē nǐ.,すぐ空港に迎えに行きます。,1,马上 接 去
v195-2,接,動詞,刚才正好在开会，没接你的电话。,"Gāngcái zhènghǎo zài kāihuì, méi jiē nǐ de diànhuà.",さっきはちょうど会議中で、電話に出られませんでした。,2,在 没 正好 在 开会 接
v196-1,陪,動詞,我陪你一起去吧。,Wǒ péi nǐ yìqǐ qù ba.,一緒について行きますよ。,1,一起 陪 去
v196-2,陪,動詞,最近工作越来越忙，都没时间陪孩子。,"Zuìjìn gōngzuò yuèláiyuè máng, dōu méi shíjiān péi háizi.",最近仕事がどんどん忙しくなって、子どもと過ごす時間もありません。,3,都 越来越 没 忙 陪 工作
v197-1,商量,動詞,我们先商量一下吧。,Wǒmen xiān shāngliang yíxià ba.,まずはちょっと相談しましょう。,1,先 商量
v197-2,商量,動詞,这件事比较重要，我要跟家人商量。,"Zhè jiàn shì bǐjiào zhòngyào, wǒ yào gēn jiārén shāngliang.",これは大事なことなので、家族と相談しないといけません。,3,比较 重要 跟 商量 要
v198-1,打扰,動詞,对不起，又打扰你了。,"Duìbuqǐ, yòu dǎrǎo nǐ le.",すみません、またお邪魔してしまって。,1,又 打扰 对不起
v198-2,打扰,動詞,你现在肯定很忙，我就不打扰了。,"Nǐ xiànzài kěndìng hěn máng, wǒ jiù bù dǎrǎo le.",今きっとお忙しいでしょうから、お邪魔しないでおきます。,2,不 很 肯定 就 忙 打扰
v199-1,推荐,動詞,你能再推荐一个便宜点儿的吗？,Nǐ néng zài tuījiàn yí ge piányi diǎnr de ma?,もう少し安いものを一つおすすめしてもらえますか？,2,再 便宜 能 推荐
v199-2,推荐,動詞,这里最好吃的是什么？请推荐一下。,Zhèli zuì hǎochī de shì shénme? Qǐng tuījiàn yíxià.,ここで一番おいしいのは何ですか？おすすめを教えてください。,3,最 好吃 是 推荐 请
v200-1,建议,動詞,我建议你先预订。,Wǒ jiànyì nǐ xiān yùdìng.,先に予約しておくことをおすすめします。,1,先 建议
v200-2,建议,動詞,我建议坐地铁去，打车可能比较慢。,"Wǒ jiànyì zuò dìtiě qù, dǎchē kěnéng bǐjiào màn.",地下鉄で行くのがおすすめです、タクシーだと遅いかもしれません。,3,可能 比较 慢 打车 建议 去 坐
v201-1,解释,動詞,请你再解释一下。,Qǐng nǐ zài jiěshì yíxià.,もう一度説明してもらえますか。,1,再 解释 请
v201-2,解释,動詞,这个问题太复杂了，很难解释清楚。,"Zhège wèntí tài fùzá le, hěn nán jiěshì qīngchu.",この問題は複雑すぎて、はっきり説明するのは難しいです。,3,很 太 难 清楚 复杂 解释
v202-1,开玩笑,動詞,我真的是开玩笑的，别生气。,"Wǒ zhēnde shì kāiwánxiào de, bié shēngqì.",本当に冗談だから、怒らないで。,2,别 真的 是 生气 开玩笑
v202-2,开玩笑,動詞,他说话特别有意思，经常开玩笑。,"Tā shuōhuà tèbié yǒuyìsi, jīngcháng kāiwánxiào.",彼は話がすごく面白くて、よく冗談を言います。,2,特别 经常 有意思 说话 开玩笑
v203-1,看懂,動詞,这个菜单挺简单的，我都看懂了。,"Zhège càidān tǐng jiǎndān de, wǒ dōu kàndǒng le.",このメニューはわりと簡単で、全部読んでわかりました。,2,都 挺 简单 看懂
v203-2,看懂,動詞,说明书写得太难了，我只看懂了一半。,"Shuōmíngshū xiě de tài nán le, wǒ zhǐ kàndǒng le yíbàn.",説明書が難しすぎて、半分しか理解できませんでした。,3,只 太 难 看懂 得 写
v204-1,排队,動詞,大家都在排队，人真多！,"Dàjiā dōu zài páiduì, rén zhēn duō!",みんな並んでいる、人が本当に多い！,2,在 都 多 真 在 排队
v204-2,排队,動詞,这家店最近非常有名，每天都要排队。,"Zhè jiā diàn zuìjìn fēicháng yǒumíng, měitiān dōu yào páiduì.",この店は最近とても有名で、毎日行列ができます。,3,非常 都 有名 排队 要
v205-1,转,動詞,到前面路口再往左转。,Dào qiánmiàn lùkǒu zài wǎng zuǒ zhuǎn.,前の交差点まで行ったら左に曲がってください。,2,再 转 到
v205-2,转,動詞,坐地铁去机场比较快，不过要转一次。,"Zuò dìtiě qù jīchǎng bǐjiào kuài, búguò yào zhuǎn yí cì.",空港へは地下鉄のほうが早いけど、一回乗り換えが必要です。,3,比较 快 转 去 坐 要
v206-1,停,動詞,师傅，就在这儿停吧。,"Shīfu, jiù zài zhèr tíng ba.",運転手さん、ここで止めてください。,1,在 就 在 停
v206-2,停,動詞,雨终于停了，外面挺凉快的。,"Yǔ zhōngyú tíng le, wàimiàn tǐng liángkuai de.",雨がやっとやんで、外はけっこう涼しいです。,2,挺 终于 凉快 停
v207-1,迷路,動詞,天黑了，我好像又迷路了。,"Tiān hēi le, wǒ hǎoxiàng yòu mílù le.",暗くなってきて、また道に迷ったみたいです。,2,又 好像 黑 迷路
v207-2,迷路,動詞,这里的路非常复杂，很容易迷路。,"Zhèli de lù fēicháng fùzá, hěn róngyì mílù.",ここの道はとても複雑で、迷いやすいです。,2,非常 很 容易 复杂 迷路
v208-1,骑,動詞,公司不远，我都骑自行车去。,"Gōngsī bù yuǎn, wǒ dōu qí zìxíngchē qù.",会社は遠くないので、いつも自転車で行っています。,2,不 都 远 骑 去
v208-2,骑,動詞,骑共享单车又快又便宜，特别方便。,"Qí gòngxiǎng dānchē yòu kuài yòu piányi, tèbié fāngbiàn.",シェアサイクルは速くて安くて、すごく便利です。,3,又 特别 快 方便 便宜 骑
v209-1,走路,動詞,我们走路去吧，挺近的。,"Wǒmen zǒulù qù ba, tǐng jìn de.",歩いて行こう、けっこう近いから。,2,挺 近 走路 去
v209-2,走路,動詞,走路只要十分钟，比打车还快。,"Zǒulù zhǐ yào shí fēnzhōng, bǐ dǎchē hái kuài.",歩いて10分だから、タクシーより速いくらいです。,2,只 快 还 打车 还 走路 要
v210-1,换乘,動詞,我们还要换乘吗？,Wǒmen hái yào huànchéng ma?,まだ乗り換えが必要ですか？,1,还 还 换乘 要
v210-2,换乘,動詞,在这儿换乘二号线最方便。,Zài zhèr huànchéng èr hào xiàn zuì fāngbiàn.,ここで2号線に乗り換えるのが一番便利です。,2,最 在 方便 在 换乘
v211-2,下车,動詞,车上人越来越多，下车的时候要小心。,"Chē shang rén yuèláiyuè duō, xiàchē de shíhou yào xiǎoxīn.",車内がどんどん混んできたから、降りるときは気をつけて。,3,多 越来越 小心 下车 上 要
v212-1,赶,動詞,我要赶飞机，先走了。,"Wǒ yào gǎn fēijī, xiān zǒu le.",飛行機の時間があるので、お先に失礼します。,1,先 赶 走 要
v212-2,赶,動詞,时间还早，不用那么赶。,"Shíjiān hái zǎo, búyòng nàme gǎn.",まだ早いから、そんなに急がなくていいよ。,2,不用 还 早 还 赶
v213-1,堵车,動詞,这条路比较窄，经常堵车。,"Zhè tiáo lù bǐjiào zhǎi, jīngcháng dǔchē.",この道は狭めなので、よく渋滞します。,2,比较 经常 窄 堵车
v213-2,堵车,動詞,下班的时候堵车特别严重，还是坐地铁吧。,"Xiàbān de shíhou dǔchē tèbié yánzhòng, háishi zuò dìtiě ba.",帰宅時間は渋滞がひどいから、やっぱり地下鉄にしよう。,3,特别 还是 严重 堵车 坐 下班
v214-1,来得及,動詞,现在去还来得及吗？,Xiànzài qù hái láidejí ma?,今から行ってもまだ間に合いますか？,1,还 还 来得及 去
v214-2,来得及,動詞,别着急，时间还早，肯定来得及。,"Bié zháojí, shíjiān hái zǎo, kěndìng láidejí.",焦らないで、まだ早いから絶対間に合うよ。,2,别 肯定 还 早 着急 还 来得及
v215-1,迟到,動詞,对不起，我又迟到了。,"Duìbuqǐ, wǒ yòu chídào le.",すみません、また遅刻してしまいました。,1,又 迟到 对不起
v215-2,迟到,動詞,今天路上堵得厉害，我差点儿迟到了。,"Jīntiān lùshang dǔ de lìhai, wǒ chàdiǎnr chídào le.",今日は道がひどく混んでいて、危うく遅刻するところでした。,3,差点儿 厉害 迟到 得
v216-1,出差,動詞,老板又去出差了。,Lǎobǎn yòu qù chūchāi le.,社長はまた出張に行きました。,1,又 出差 去
v216-2,出差,動詞,我经常去北京出差，每次都特别累。,"Wǒ jīngcháng qù Běijīng chūchāi, měicì dōu tèbié lèi.",よく北京に出張しますが、毎回すごく疲れます。,3,都 特别 经常 累 出差 去
v217-1,请假,動詞,我不太舒服，明天可能要请假。,"Wǒ bú tài shūfu, míngtiān kěnéng yào qǐngjià.",ちょっと具合が悪いので、明日は休みを取るかもしれません。,2,不 可能 太 舒服 请假 要
v217-2,请假,動詞,孩子突然发烧了，我只好请假。,"Háizi tūrán fāshāo le, wǒ zhǐhǎo qǐngjià.",子どもが急に熱を出したので、休みを取るしかありませんでした。,2,突然 只好 发烧 请假
v218-1,安排,動詞,酒店已经安排好了。,Jiǔdiàn yǐjīng ānpái hǎo le.,ホテルはもう手配できています。,1,已经 好 安排
v218-2,安排,動詞,这次旅行安排得特别好，大家都很满意。,"Zhè cì lǚxíng ānpái de tèbié hǎo, dàjiā dōu hěn mǎnyì.",今回の旅行は段取りがすばらしくて、みんな大満足でした。,3,都 特别 很 好 满意 安排 得
v219-1,确认,動詞,我再确认一下。,Wǒ zài quèrèn yíxià.,もう一度確認します。,1,再 确认
v219-2,确认,動詞,航班时间早了一个小时，请再确认一下。,"Hángbān shíjiān zǎo le yí ge xiǎoshí, qǐng zài quèrèn yíxià.",フライトが1時間早くなったので、もう一度確認してください。,3,再 早 确认 请
v220-1,负责,動詞,这个项目一直是他负责。,Zhège xiàngmù yìzhí shì tā fùzé.,このプロジェクトはずっと彼が担当しています。,2,一直 是 负责
v220-2,负责,動詞,我只负责订酒店，机票你自己买吧。,"Wǒ zhǐ fùzé dìng jiǔdiàn, jīpiào nǐ zìjǐ mǎi ba.",私はホテルの予約だけ担当するから、航空券は自分で買ってね。,3,只 订 买 负责
v221-1,处理,動詞,这个问题我马上处理。,Zhège wèntí wǒ mǎshàng chǔlǐ.,この件はすぐに対応します。,2,马上 处理
v221-2,处理,動詞,邮件太多了，今天恐怕处理不完。,"Yóujiàn tài duō le, jīntiān kǒngpà chǔlǐ bù wán.",メールが多すぎて、今日中には片付かないかもしれません。,2,不 多 太 恐怕 处理 完
v222-1,讨论,動詞,我们明天再讨论吧。,Wǒmen míngtiān zài tǎolùn ba.,明日また話し合いましょう。,1,再 讨论
v222-2,讨论,動詞,这个问题比较复杂，需要大家一起讨论。,"Zhège wèntí bǐjiào fùzá, xūyào dàjiā yìqǐ tǎolùn.",この問題はわりと複雑なので、みんなで話し合う必要があります。,3,一起 比较 复杂 讨论 需要
v223-1,参加,動詞,你也参加吗？,Nǐ yě cānjiā ma?,あなたも参加しますか？,1,也 参加
v223-2,参加,動詞,这次的活动特别有意思，你一定要参加。,"Zhè cì de huódòng tèbié yǒuyìsi, nǐ yídìng yào cānjiā.",今回のイベントはすごく面白いから、ぜひ参加してね。,3,一定 特别 有意思 参加 要
v224-1,翻译,動詞,这个词很难翻译。,Zhège cí hěn nán fānyì.,この言葉は訳すのが難しいです。,1,很 难 翻译
v224-2,翻译,動詞,她中文和日语都不错，经常帮我们翻译。,"Tā Zhōngwén hé Rìyǔ dōu búcuò, jīngcháng bāng wǒmen fānyì.",彼女は中国語も日本語も上手で、よく私たちの通訳をしてくれます。,3,都 经常 不错 翻译 帮
v225-1,努力,動詞,我一定会努力的。,Wǒ yídìng huì nǔlì de.,必ず頑張ります。,1,一定 会 努力
v225-2,努力,動詞,他学中文特别努力，进步越来越快。,"Tā xué Zhōngwén tèbié nǔlì, jìnbù yuèláiyuè kuài.",彼は中国語の勉強にとても熱心で、どんどん上達しています。,3,特别 快 越来越 努力 学
v226-1,加油,動詞,大家一起加油！,Dàjiā yìqǐ jiāyóu!,みんなで頑張ろう！,1,一起 加油
v226-2,加油,動詞,最后一天了，虽然有点儿累，大家再加油！,"Zuìhòu yì tiān le, suīrán yǒudiǎnr lèi, dàjiā zài jiāyóu!",最後の一日だ、ちょっと疲れたけど、みんなもうひと頑張り！,3,再 有点儿 累 加油
v227-1,记,動詞,我先记一下你的电话。,Wǒ xiān jì yíxià nǐ de diànhuà.,先にあなたの電話番号をメモしておきます。,2,先 记
v227-2,记,動詞,生词太多了，我总是记不住。,"Shēngcí tài duō le, wǒ zǒngshì jì bú zhù.",新しい単語が多すぎて、いつも覚えられません。,2,不 总是 多 太 记 住
v228-1,记住,動詞,我已经记住了。,Wǒ yǐjīng jìzhù le.,もう覚えました。,1,已经 记住
v228-2,记住,動詞,这个地址非常重要，你一定要记住。,"Zhège dìzhǐ fēicháng zhòngyào, nǐ yídìng yào jìzhù.",この住所はとても大事だから、必ず覚えておいてね。,3,一定 非常 重要 记住 要
v229-1,忘记,動詞,我差点儿忘记了。,Wǒ chàdiǎnr wàngjì le.,危うく忘れるところでした。,1,差点儿 忘记
v229-2,忘记,動詞,天气冷，出门千万别忘记穿外套。,"Tiānqì lěng, chūmén qiānwàn bié wàngjì chuān wàitào.",寒いから、出かけるときは上着を着るのを絶対に忘れないで。,2,别 千万 冷 出门 忘记 穿
v230-1,学会,動詞,我终于学会了！,Wǒ zhōngyú xuéhuì le!,やっとできるようになった！,1,终于 学会
v230-2,学会,動詞,中文发音不容易，我学了两年才学会。,"Zhōngwén fāyīn bù róngyì, wǒ xué le liǎng nián cái xuéhuì.",中国語の発音は簡単じゃなくて、2年かかってやっと身につきました。,3,不 才 容易 学会 学
v231-1,考试,動詞,我们下周就要考试了。,Wǒmen xià zhōu jiùyào kǎoshì le.,来週はもう試験です。,2,就要 考试 下
v231-2,考试,動詞,这次考试比上次更难。,Zhè cì kǎoshì bǐ shàng cì gèng nán.,今回の試験は前回よりもっと難しいです。,2,更 难 考试 上
v232-1,留学,動詞,我早就想去中国留学了。,Wǒ zǎojiù xiǎng qù Zhōngguó liúxué le.,ずっと前から中国に留学したいと思っていました。,2,早就 留学 去 想
v232-2,留学,動詞,他在北京留学的时候，中文进步得非常快。,"Tā zài Běijīng liúxué de shíhou, Zhōngwén jìnbù de fēicháng kuài.",彼は北京に留学していたころ、中国語がすごく早く上達しました。,3,在 非常 快 在 留学 得
v233-1,办,動詞,签证已经办好了。,Qiānzhèng yǐjīng bàn hǎo le.,ビザはもう取れました。,1,已经 好 办
v233-2,办,動詞,在银行办卡真麻烦，至少要等一个小时。,"Zài yínháng bàn kǎ zhēn máfan, zhìshǎo yào děng yí ge xiǎoshí.",銀行でカードを作るのは本当に面倒で、少なくとも1時間は待たされます。,3,在 真 至少 麻烦 在 办 等 要
v234-1,申请,動詞,我打算再申请一次。,Wǒ dǎsuan zài shēnqǐng yí cì.,もう一度申請するつもりです。,1,再 申请 打算
v234-2,申请,動詞,网上申请非常简单，十分钟就好了。,"Wǎngshang shēnqǐng fēicháng jiǎndān, shí fēnzhōng jiù hǎo le.",ネット申請はとても簡単で、10分で終わります。,3,非常 好 就 简单 申请
v235-1,弄,動詞,你又把电脑弄坏了？,Nǐ yòu bǎ diànnǎo nòng huài le?,またパソコンを壊したの？,1,又 弄
v235-2,弄,動詞,这个软件太难用了，我一直弄不明白。,"Zhège ruǎnjiàn tài nán yòng le, wǒ yìzhí nòng bù míngbai.",このソフトは使いにくすぎて、ずっとよくわかりません。,3,不 一直 太 难 弄 用 明白
v236-1,交,動詞,作业已经交了。,Zuòyè yǐjīng jiāo le.,宿題はもう提出しました。,1,已经 交
v236-2,交,動詞,学费有点儿贵，不过可以分两次交。,"Xuéfèi yǒudiǎnr guì, búguò kěyǐ fēn liǎng cì jiāo.",学費はちょっと高いけど、2回に分けて払えます。,3,有点儿 贵 可以 交
v237-1,退,動詞,这双鞋有点儿小，能退吗？,"Zhè shuāng xié yǒudiǎnr xiǎo, néng tuì ma?",この靴は少し小さいので、返品できますか？,2,有点儿 小 能 退
v237-2,退,動詞,票已经买了，现在退可能要手续费。,"Piào yǐjīng mǎi le, xiànzài tuì kěnéng yào shǒuxùfèi.",チケットはもう買ったので、今払い戻すと手数料がかかるかもしれません。,3,已经 可能 买 退 要
v238-1,打折,動詞,这里的新衣服也打折吗？,Zhèli de xīn yīfu yě dǎzhé ma?,ここの新作の服も割引になりますか？,2,也 新 打折
v238-2,打折,動詞,周末商场正在打折，衣服特别便宜。,"Zhōumò shāngchǎng zhèngzài dǎzhé, yīfu tèbié piányi.",週末はデパートでセールをやっていて、服がすごく安いです。,3,正在 特别 便宜 打折
v239-1,买单,動詞,我已经买单了。,Wǒ yǐjīng mǎidān le.,お会計はもう済ませました。,1,已经 买单
v239-2,买单,動詞,这家店又好吃又便宜，今天我来买单。,"Zhè jiā diàn yòu hǎochī yòu piányi, jīntiān wǒ lái mǎidān.",この店はおいしくて安いね、今日は私が払うよ。,3,又 便宜 好吃 买单 来
v240-1,收,動詞,你们这里也收美元吗？,Nǐmen zhèli yě shōu měiyuán ma?,こちらではドルも使えますか？,2,也 收
v240-2,收,動詞,快递我已经帮你收了，放在门口。,"Kuàidì wǒ yǐjīng bāng nǐ shōu le, fàng zài ménkǒu.",宅配便は代わりに受け取っておいたよ、玄関に置いてあるから。,2,已经 在 在 收 帮 放
v241-1,取,動詞,我先去银行取钱。,Wǒ xiān qù yínháng qǔ qián.,先に銀行でお金をおろしてきます。,1,先 取 去
v241-2,取,動詞,用机器取票挺方便的，一分钟就好。,"Yòng jīqì qǔ piào tǐng fāngbiàn de, yì fēnzhōng jiù hǎo.",機械でチケットを受け取るのはけっこう便利で、1分で済みます。,3,挺 好 就 方便 取 用
v242-1,存,動詞,行李能先存在这儿吗？,Xíngli néng xiān cún zài zhèr ma?,荷物を先にここに預けてもいいですか？,2,先 在 能 在 存
v242-2,存,動詞,欧洲旅行挺贵的，我每个月都存一点儿钱。,"Ōuzhōu lǚxíng tǐng guì de, wǒ měi ge yuè dōu cún yìdiǎnr qián.",ヨーロッパ旅行はけっこう高いので、毎月少しずつお金を貯めています。,3,都 挺 贵 存
v243-1,剩,動詞,钱包里只剩十块了。,Qiánbāo li zhǐ shèng shí kuài le.,財布には10元しか残っていません。,1,只 剩
v243-2,剩,動詞,菜点得太多了，还剩一半呢。,"Cài diǎn de tài duō le, hái shèng yíbàn ne.",料理を頼みすぎて、まだ半分残っています。,2,多 还 太 点 还 剩 得
v244-1,值得,動詞,这个地方真值得一去。,Zhège dìfang zhēn zhíde yí qù.,ここは本当に行く価値があります。,2,真 值得 去
v244-2,值得,動詞,虽然门票有点儿贵，但是非常值得。,"Suīrán ménpiào yǒudiǎnr guì, dànshì fēicháng zhíde.",入場料はちょっと高いけど、とても行く価値があります。,3,有点儿 非常 贵 值得
v245-1,租,動詞,我们还是租车吧。,Wǒmen háishi zū chē ba.,やっぱりレンタカーにしよう。,1,还是 租
v245-2,租,動詞,这附近的房子越来越贵，很难租。,"Zhè fùjìn de fángzi yuèláiyuè guì, hěn nán zū.",この辺りの家はどんどん高くなって、なかなか借りられません。,2,很 越来越 难 贵 租
v246-1,逛街,動詞,周末一起去逛街吧！,Zhōumò yìqǐ qù guàngjiē ba!,週末一緒に買い物に行こうよ！,1,一起 逛街 去
v246-2,逛街,動詞,这条街的小店非常多，逛街最有意思。,"Zhè tiáo jiē de xiǎo diàn fēicháng duō, guàngjiē zuì yǒuyìsi.",この通りは小さな店がとても多くて、ぶらぶら歩くのが一番楽しいです。,3,最 非常 多 有意思 小 逛街
v247-1,浪费,動詞,这样太浪费了！,Zhèyàng tài làngfèi le!,それはもったいなさすぎる！,1,太 浪费
v247-2,浪费,動詞,菜别点太多，吃不完就浪费了。,"Cài bié diǎn tài duō, chī bù wán jiù làngfèi le.",料理は頼みすぎないで、食べきれないともったいないから。,2,不 别 多 就 太 点 浪费 完 吃
v248-1,打包,動詞,这个汤还热，也打包吧。,"Zhège tāng hái rè, yě dǎbāo ba.",このスープはまだ温かいから、これも持ち帰りにしよう。,2,也 还 热 还 打包
v248-2,打包,動詞,这家的饺子特别好吃，我想再打包一份。,"Zhè jiā de jiǎozi tèbié hǎochī, wǒ xiǎng zài dǎbāo yí fèn.",ここの餃子はすごくおいしいから、もう一人前持ち帰りにしたいです。,3,再 特别 好吃 打包 想
v249-1,寄,動詞,我已经把礼物寄给你了。,Wǒ yǐjīng bǎ lǐwù jì gěi nǐ le.,プレゼントはもうあなたに送りました。,2,已经 给 寄
v249-2,寄,動詞,寄到日本大概要几天？贵不贵？,Jì dào Rìběn dàgài yào jǐ tiān? Guì bú guì?,日本まで送ると何日くらいかかりますか？高いですか？,2,不 大概 贵 寄 到 要
v250-1,退房,動詞,我想现在就退房。,Wǒ xiǎng xiànzài jiù tuìfáng.,今すぐチェックアウトしたいです。,1,就 退房 想
v250-2,退房,動詞,我的航班比较晚，能稍微晚一点儿退房吗？,"Wǒ de hángbān bǐjiào wǎn, néng shāowēi wǎn yìdiǎnr tuìfáng ma?",飛行機が遅めなので、少し遅くチェックアウトできますか？,3,比较 稍微 晚 能 退房
v251-1,入住,動詞,我们先入住，然后去吃饭吧。,"Wǒmen xiān rùzhù, ránhòu qù chīfàn ba.",まずチェックインして、それからご飯を食べに行こう。,2,先 入住 去 吃饭
v251-2,入住,動詞,这家酒店又干净又安静，下次还想入住。,"Zhè jiā jiǔdiàn yòu gānjìng yòu ānjìng, xià cì hái xiǎng rùzhù.",このホテルは清潔で静かだから、次もまた泊まりたいです。,3,又 还 干净 安静 还 入住 下 想
v252-1,开门,動詞,超市已经开门了吗？,Chāoshì yǐjīng kāimén le ma?,スーパーはもう開いていますか？,1,已经 开门
v252-2,开门,動詞,这家咖啡店早上七点就开门，非常方便。,"Zhè jiā kāfēidiàn zǎoshang qī diǎn jiù kāimén, fēicháng fāngbiàn.",このカフェは朝7時から開いていて、とても便利です。,3,非常 就 方便 点 开门
v253-1,关门,動詞,银行快要关门了。,Yínháng kuàiyào guānmén le.,銀行はもうすぐ閉まります。,1,快要 关门
v253-2,关门,動詞,这里的商店关门太早了，晚上有点儿不方便。,"Zhèli de shāngdiàn guānmén tài zǎo le, wǎnshang yǒudiǎnr bù fāngbiàn.",ここのお店は閉まるのが早すぎて、夜はちょっと不便です。,3,不 有点儿 太 方便 早 关门
v254-1,上网,動詞,房间里也能上网吗？,Fángjiān li yě néng shàngwǎng ma?,部屋でもネットにつながりますか？,1,也 能 上网
v254-2,上网,動詞,这里的网太慢了，根本没法上网。,"Zhèli de wǎng tài màn le, gēnběn méifǎ shàngwǎng.",ここのネットは遅すぎて、まったく使い物になりません。,2,根本 太 慢 上网
v255-1,充电,動詞,我先给手机充电。,Wǒ xiān gěi shǒujī chōngdiàn.,先にスマホを充電します。,1,先 给 充电
v255-2,充电,動詞,这家咖啡店可以免费充电，真不错。,"Zhè jiā kāfēidiàn kěyǐ miǎnfèi chōngdiàn, zhēn búcuò.",このカフェは無料で充電できて、なかなかいいですね。,3,真 不错 可以 充电
v256-1,拍,動詞,我们一起拍一张吧！,Wǒmen yìqǐ pāi yì zhāng ba!,一緒に1枚撮ろうよ！,1,一起 拍
v256-2,拍,動詞,这里的风景太美了，随便拍都很好看。,"Zhèli de fēngjǐng tài měi le, suíbiàn pāi dōu hěn hǎokàn.",ここの景色はきれいすぎて、適当に撮っても絵になります。,3,都 很 太 随便 好看 美 拍
v257-1,照相,動詞,这里可以随便照相吗？,Zhèli kěyǐ suíbiàn zhàoxiàng ma?,ここは自由に写真を撮ってもいいですか？,2,随便 可以 照相
v257-2,照相,動詞,我爸爸最喜欢照相，每次旅行都拍很多。,"Wǒ bàba zuì xǐhuan zhàoxiàng, měicì lǚxíng dōu pāi hěn duō.",父は写真を撮るのが大好きで、旅行のたびにたくさん撮ります。,3,最 都 很 多 喜欢 拍 照相
v258-1,唱歌,動詞,你唱歌真好听！,Nǐ chànggē zhēn hǎotīng!,歌がすごく上手だね！,1,真 好听 唱歌
v258-2,唱歌,動詞,附近有家唱歌的地方挺便宜，一起去吧！,"Fùjìn yǒu jiā chànggē de dìfang tǐng piányi, yìqǐ qù ba!",近くに安いカラオケがあるから、一緒に行こうよ！,3,一起 挺 便宜 有 唱歌 去
v259-1,散步,動詞,我每天晚上都散步。,Wǒ měitiān wǎnshang dōu sànbù.,毎晩散歩しています。,1,都 散步
v259-2,散步,動詞,今天天气真不错，我们去公园散步吧。,"Jīntiān tiānqì zhēn búcuò, wǒmen qù gōngyuán sànbù ba.",今日は本当にいい天気だから、公園に散歩に行こう。,3,真 不错 散步 去
v260-1,运动,動詞,你平时经常运动吗？,Nǐ píngshí jīngcháng yùndòng ma?,普段よく運動しますか？,1,经常 运动
v260-2,运动,動詞,最近工作忙，几乎没时间运动。,"Zuìjìn gōngzuò máng, jīhū méi shíjiān yùndòng.",最近は仕事が忙しくて、運動する時間がほとんどありません。,2,没 几乎 忙 运动 工作
v261-1,锻炼,動詞,多锻炼身体，别总是坐着。,"Duō duànliàn shēntǐ, bié zǒngshì zuò zhe.",もっと体を動かして、座ってばかりいないで。,2,别 总是 多 锻炼 坐
v261-2,锻炼,動詞,我爷爷天天锻炼，身体一直很好。,"Wǒ yéye tiāntiān duànliàn, shēntǐ yìzhí hěn hǎo.",祖父は毎日体を鍛えていて、ずっと元気です。,2,一直 很 好 锻炼
v262-1,游泳,動詞,我不太会游泳。,Wǒ bú tài huì yóuyǒng.,あまり泳げません。,1,不 太 会 游泳
v262-2,游泳,動詞,海水有点儿冷，我们明天再游泳吧。,"Hǎishuǐ yǒudiǎnr lěng, wǒmen míngtiān zài yóuyǒng ba.",海の水がちょっと冷たいから、泳ぐのは明日にしよう。,3,再 有点儿 冷 游泳
v263-1,减肥,動詞,我最近正在减肥。,Wǒ zuìjìn zhèngzài jiǎnféi.,最近ダイエット中です。,1,正在 减肥
v263-2,减肥,動詞,你一点儿也不胖，根本不用减肥。,"Nǐ yìdiǎnr yě bú pàng, gēnběn búyòng jiǎnféi.",全然太ってないんだから、ダイエットなんて必要ないよ。,2,不 也 不用 根本 胖 减肥
v264-1,放松,動詞,你太紧张了，放松一点儿。,"Nǐ tài jǐnzhāng le, fàngsōng yìdiǎnr.",緊張しすぎだよ、もう少しリラックスして。,2,太 紧张 放松
v264-2,放松,動詞,泡温泉特别舒服，身体和心都能放松。,"Pào wēnquán tèbié shūfu, shēntǐ hé xīn dōu néng fàngsōng.",温泉はとても気持ちよくて、体も心もリラックスできます。,3,都 特别 舒服 能 放松
v265-1,躺,動詞,我有点儿累，想躺一下。,"Wǒ yǒudiǎnr lèi, xiǎng tǎng yíxià.",ちょっと疲れたから、少し横になりたいです。,2,有点儿 累 躺 想
v265-2,躺,動詞,这个沙发又大又软，躺着真舒服。,"Zhège shāfā yòu dà yòu ruǎn, tǎng zhe zhēn shūfu.",このソファは大きくて柔らかくて、横になるとすごく気持ちいい。,2,又 真 大 舒服 躺
v266-1,吐,動詞,我有点儿想吐。,Wǒ yǒudiǎnr xiǎng tù.,ちょっと吐き気がします。,1,有点儿 吐 想
v266-2,吐,動詞,昨天浪非常大，他晕船了，还吐了好几次。,"Zuótiān làng fēicháng dà, tā yùnchuán le, hái tù le hǎojǐ cì.",昨日は波がとても高くて、彼は船酔いして何回も吐いてしまいました。,3,非常 还 大 还 吐
v267-1,咳嗽,動詞,你怎么一直咳嗽？,Nǐ zěnme yìzhí késou?,どうしてずっと咳をしているの？,1,一直 咳嗽
v267-2,咳嗽,動詞,这几天空气比较差，我老咳嗽。,"Zhè jǐ tiān kōngqì bǐjiào chà, wǒ lǎo késou.",ここ数日は空気が悪めで、しょっちゅう咳が出ます。,2,比较 老 差 咳嗽
v268-1,拉肚子,動詞,我好像有点儿拉肚子。,Wǒ hǎoxiàng yǒudiǎnr lādùzi.,ちょっとお腹を壊したみたいです。,2,有点儿 好像 拉肚子
v268-2,拉肚子,動詞,千万别喝生水，容易拉肚子。,"Qiānwàn bié hē shēngshuǐ, róngyì lādùzi.",生水は絶対に飲まないで、お腹を壊しやすいから。,2,别 千万 容易 喝 拉肚子
v269-1,受伤,動詞,你真的没受伤吗？,Nǐ zhēnde méi shòushāng ma?,本当に怪我してない？,1,真的 没 受伤
v269-2,受伤,動詞,他昨天踢足球，不小心受伤了，挺严重的。,"Tā zuótiān tī zúqiú, bù xiǎoxīn shòushāng le, tǐng yánzhòng de.",彼は昨日サッカーをしていて怪我をしてしまい、けっこうひどいんです。,3,不 挺 严重 小心 受伤
v270-1,检查,動詞,医生说要再检查一次。,Yīshēng shuō yào zài jiǎnchá yí cì.,もう一度検査が必要だとお医者さんに言われました。,2,再 检查 说 要
v270-2,检查,動詞,出门前先检查一下，东西都带了吗？,"Chūmén qián xiān jiǎnchá yíxià, dōngxi dōu dài le ma?",出かける前にまず確認して。全部持った？,3,先 都 出门 检查 带
v271-1,过敏,動詞,我对海鲜有点儿过敏。,Wǒ duì hǎixiān yǒudiǎnr guòmǐn.,海鮮に少しアレルギーがあります。,2,有点儿 对 过敏
v271-2,过敏,動詞,春天花粉尤其多，我每年都过敏。,"Chūntiān huāfěn yóuqí duō, wǒ měi nián dōu guòmǐn.",春は特に花粉が多くて、毎年アレルギーが出ます。,2,都 多 尤其 过敏
v272-1,睡着,動詞,孩子玩累了，终于睡着了。,"Háizi wán lèi le, zhōngyú shuìzháo le.",子どもは遊び疲れて、やっと寝つきました。,2,终于 累 睡着 玩
v272-2,睡着,動詞,电影真无聊，我看着看着就睡着了。,"Diànyǐng zhēn wúliáo, wǒ kàn zhe kàn zhe jiù shuìzháo le.",映画が本当につまらなくて、見ているうちに寝てしまいました。,3,就 真 无聊 看 睡着
v273-1,脱,動詞,进屋要先脱鞋吗？,Jìn wū yào xiān tuō xié ma?,部屋に入るとき、先に靴を脱ぎますか？,1,先 脱 进 要
v273-2,脱,動詞,房间里有点儿热，我把外套脱了吧。,"Fángjiān li yǒudiǎnr rè, wǒ bǎ wàitào tuō le ba.",部屋の中が少し暑いから、上着を脱ごうかな。,3,有点儿 热 脱
v274-1,戴,動詞,外面很冷，最好戴帽子。,"Wàimiàn hěn lěng, zuìhǎo dài màozi.",外は寒いから、帽子をかぶったほうがいいよ。,2,很 最好 冷 戴
v274-2,戴,動詞,医院里人很多，进去必须戴口罩。,"Yīyuàn li rén hěn duō, jìnqu bìxū dài kǒuzhào.",病院の中は人が多いので、入るときは必ずマスクをつけてください。,2,很 多 必须 戴
v275-1,收拾,動詞,我赶紧收拾一下行李。,Wǒ gǎnjǐn shōushi yíxià xíngli.,急いで荷物をまとめます。,2,赶紧 收拾
v275-2,收拾,動詞,你的房间这么乱，什么时候才收拾？,"Nǐ de fángjiān zhème luàn, shénme shíhou cái shōushi?",部屋がこんなに散らかってるけど、いつになったら片付けるの？,3,才 乱 收拾
v276-1,干杯,動詞,来，大家一起干杯！,"Lái, dàjiā yìqǐ gānbēi!",さあ、みんなで乾杯！,1,一起 干杯 来
v276-2,干杯,動詞,为我们的合作干杯！以后也请多关照。,Wèi wǒmen de hézuò gānbēi! Yǐhòu yě qǐng duō guānzhào.,私たちの協力に乾杯！これからもよろしくお願いします。,3,也 多 干杯 请
v277-1,下雨,動詞,外面又下雨了，好冷啊。,"Wàimiàn yòu xiàyǔ le, hǎo lěng a.",外はまた雨が降ってきた、寒いなあ。,2,又 好 冷 下雨
v277-2,下雨,動詞,这几天一直下雨，衣服都不干。,"Zhè jǐ tiān yìzhí xiàyǔ, yīfu dōu bù gān.",ここ数日ずっと雨で、洗濯物が全然乾きません。,2,不 一直 都 下雨 干
v278-1,讨厌,動詞,我最讨厌排队。,Wǒ zuì tǎoyàn páiduì.,並ぶのが一番嫌いです。,1,最 排队 讨厌
v278-2,讨厌,動詞,这里夏天又热又潮，真讨厌。,"Zhèli xiàtiān yòu rè yòu cháo, zhēn tǎoyàn.",ここの夏は暑くて湿気が多くて、本当に嫌になります。,2,又 真 热 讨厌
v279-1,害怕,動詞,别害怕，我一直在这儿。,"Bié hàipà, wǒ yìzhí zài zhèr.",怖がらないで、ずっとここにいるから。,2,别 在 一直 在 害怕
v279-2,害怕,動詞,我从小就害怕狗，特别是大狗。,"Wǒ cóngxiǎo jiù hàipà gǒu, tèbié shì dà gǒu.",小さい頃から犬が怖くて、特に大きい犬が苦手です。,2,特别 就 大 是 害怕
v280-1,后悔,動詞,我有点儿后悔了。,Wǒ yǒudiǎnr hòuhuǐ le.,ちょっと後悔しています。,1,有点儿 后悔
v280-2,后悔,動詞,那件衣服又便宜又漂亮，真后悔没买。,"Nà jiàn yīfu yòu piányi yòu piàoliang, zhēn hòuhuǐ méi mǎi.",あの服は安くてきれいだったのに、買わなかったのを本当に後悔しています。,3,又 没 真 漂亮 便宜 买 后悔
v281-1,关心,動詞,妈妈总是很关心我。,Māma zǒngshì hěn guānxīn wǒ.,母はいつも私のことを気にかけてくれます。,1,很 总是 关心
v281-2,关心,動詞,他只关心工作，从来不关心家里的事。,"Tā zhǐ guānxīn gōngzuò, cónglái bù guānxīn jiāli de shì.",彼は仕事のことしか頭になくて、家のことには全然関心がありません。,3,不 只 从来 关心 工作
v282-1,确定,動詞,时间还没确定。,Shíjiān hái méi quèdìng.,時間はまだ決まっていません。,1,还 没 还 确定
v282-2,确定,動詞,我不太确定，他可能已经走了。,"Wǒ bú tài quèdìng, tā kěnéng yǐjīng zǒu le.",はっきりしないけど、彼はもう帰ったかもしれません。,2,不 已经 可能 太 走 确定
v283-1,猜,動詞,你再猜一次。,Nǐ zài cāi yí cì.,もう一回当ててみて。,1,再 猜
v283-2,猜,動詞,你猜这个多少钱？其实特别便宜！,Nǐ cāi zhège duōshao qián? Qíshí tèbié piányi!,これいくらだと思う？実はすごく安いんだ！,2,其实 特别 便宜 猜
v284-1,道歉,動詞,你应该先道歉。,Nǐ yīnggāi xiān dàoqiàn.,まず謝るべきだよ。,1,先 道歉 应该
v284-2,道歉,動詞,他已经跟我道歉了，我也不生气了。,"Tā yǐjīng gēn wǒ dàoqiàn le, wǒ yě bù shēngqì le.",彼はもう謝ってくれたし、私ももう怒っていません。,3,不 已经 也 生气 跟 道歉
v285-1,原谅,動詞,这次就原谅他吧。,Zhè cì jiù yuánliàng tā ba.,今回は許してあげなよ。,1,就 原谅
v285-2,原谅,動詞,我又来晚了，希望你能原谅我。,"Wǒ yòu lái wǎn le, xīwàng nǐ néng yuánliàng wǒ.",また遅れてしまって、許してもらえるといいんだけど。,2,又 晚 能 原谅 来 希望
v286-1,答应,動詞,他已经答应了。,Tā yǐjīng dāying le.,彼はもう引き受けてくれました。,1,已经 答应
v286-2,答应,動詞,你答应过我，周末一定带我去动物园。,"Nǐ dāying guo wǒ, zhōumò yídìng dài wǒ qù dòngwùyuán.",週末に必ず動物園に連れて行くって約束したよね。,3,一定 过 答应 去 带
v287-1,邀请,動詞,他们也邀请了我。,Tāmen yě yāoqǐng le wǒ.,彼らも私を招待してくれました。,1,也 邀请
v287-2,邀请,動詞,我家有点儿小，不过还是想邀请你们来。,"Wǒ jiā yǒudiǎnr xiǎo, búguò háishi xiǎng yāoqǐng nǐmen lái.",うちはちょっと狭いけど、それでもみなさんを招待したいです。,3,有点儿 还是 小 邀请 来 想
v288-1,提醒,動詞,到时候你再提醒我。,Dào shíhou nǐ zài tíxǐng wǒ.,そのときになったら、また声をかけてね。,1,再 提醒 到
v288-2,提醒,動詞,导游一直提醒我们，晚上一个人出去很危险。,"Dǎoyóu yìzhí tíxǐng wǒmen, wǎnshang yígèrén chūqu hěn wēixiǎn.",ガイドさんは、夜一人で出歩くのは危ないと何度も注意してくれました。,3,一直 很 危险 提醒 出去
v289-1,回复,動詞,他还没回复我。,Tā hái méi huífù wǒ.,彼からまだ返事がありません。,1,还 没 还 回复
v289-2,回复,動詞,他回复消息总是那么慢，真着急。,"Tā huífù xiāoxi zǒngshì nàme màn, zhēn zháojí.",彼はいつも返信があんなに遅くて、本当にやきもきします。,2,总是 真 慢 着急 回复
v290-1,留,動詞,给我也留一点儿。,Gěi wǒ yě liú yìdiǎnr.,私の分も少し残しておいて。,1,也 给 留
v290-2,留,動詞,你能留一下你的电话吗？以后再联系。,Nǐ néng liú yíxià nǐ de diànhuà ma? Yǐhòu zài liánxì.,電話番号を教えてもらえますか？また後で連絡します。,3,再 联系 能 留
v291-1,偷,動詞,我的自行车又被偷了！,Wǒ de zìxíngchē yòu bèi tōu le!,また自転車を盗まれた！,2,又 偷
v291-2,偷,動詞,这里人非常多，小心手机被偷。,"Zhèli rén fēicháng duō, xiǎoxīn shǒujī bèi tōu.",ここは人がとても多いから、スマホを盗まれないように気をつけて。,2,非常 多 小心 偷
v292-1,报警,動詞,我们赶紧报警吧！,Wǒmen gǎnjǐn bàojǐng ba!,早く警察に通報しよう！,1,赶紧 报警
v292-2,报警,動詞,钱包丢了，我应该先报警还是先回酒店？,"Qiánbāo diū le, wǒ yīnggāi xiān bàojǐng háishi xiān huí jiǔdiàn?",財布をなくしたんだけど、先に警察に届けるべき？それともホテルに戻るべき？,3,先 还是 丢 回 报警 应该
v293-1,扔,動詞,这些都可以扔了。,Zhèxiē dōu kěyǐ rēng le.,これは全部捨てていいよ。,1,都 可以 扔
v293-2,扔,動詞,在日本，垃圾不能随便扔，分类挺麻烦的。,"Zài Rìběn, lājī bù néng suíbiàn rēng, fēnlèi tǐng máfan de.",日本ではゴミを勝手に捨ててはいけなくて、分別がけっこう面倒です。,3,不 在 挺 随便 麻烦 能 在 扔
v294-1,挂,動詞,你先别挂电话。,Nǐ xiān bié guà diànhuà.,まだ電話を切らないで。,1,先 别 挂
v294-2,挂,動詞,墙上挂着一张照片，挺漂亮的。,"Qiáng shang guà zhe yì zhāng zhàopiàn, tǐng piàoliang de.",壁に写真が一枚掛かっていて、なかなかきれいです。,2,挺 漂亮 挂 上
v295-1,站,動詞,你别一直站着，坐吧。,"Nǐ bié yìzhí zhàn zhe, zuò ba.",ずっと立ってないで、座ってよ。,1,别 一直 站 坐
v295-2,站,動詞,今天站了一整天，太累了。,"Jīntiān zhàn le yì zhěng tiān, tài lèi le.",今日は一日中立ちっぱなしで、疲れすぎました。,2,太 累 站
v296-1,继续,動詞,你还要继续学中文吗？,Nǐ hái yào jìxù xué Zhōngwén ma?,これからも中国語の勉強を続けますか？,2,还 还 继续 学 要
v296-2,继续,動詞,虽然很累，但是大家还是继续工作。,"Suīrán hěn lèi, dànshì dàjiā háishi jìxù gōngzuò.",疲れていても、みんな仕事を続けました。,3,还是 很 累 继续 工作
v297-1,坚持,動詞,你一定要坚持下去。,Nǐ yídìng yào jiānchí xiàqu.,絶対に続けてね。,1,一定 坚持 要
v297-2,坚持,動詞,我坚持跑步已经三年了，身体越来越好。,"Wǒ jiānchí pǎobù yǐjīng sān nián le, shēntǐ yuèláiyuè hǎo.",ランニングを続けてもう3年、体の調子がどんどん良くなっています。,3,已经 好 越来越 坚持
v298-1,放弃,動詞,千万别放弃！,Qiānwàn bié fàngqì!,絶対に諦めないで！,1,别 千万 放弃
v298-2,放弃,動詞,中文虽然很难，但是我从来没想过放弃。,"Zhōngwén suīrán hěn nán, dànshì wǒ cónglái méi xiǎng guo fàngqì.",中国語は難しいけど、諦めようと思ったことは一度もありません。,3,很 从来 没 难 过 放弃 想
v299-1,得到,動詞,我刚得到一个好消息。,Wǒ gāng dédào yí ge hǎo xiāoxi.,さっきいい知らせをもらいました。,2,刚 好 得到
v299-2,得到,動詞,这次比赛他得到了第一名，真厉害！,"Zhè cì bǐsài tā dédào le dìyī míng, zhēn lìhai!",今回の試合で彼は1位を取ったんだ、本当にすごい！,3,真 厉害 得到
v300-1,涨,動詞,房租又涨了，真贵！,"Fángzū yòu zhǎng le, zhēn guì!",家賃がまた上がった、本当に高い！,1,又 真 贵 涨
v300-2,涨,動詞,最近东西都涨了，生活越来越不容易。,"Zuìjìn dōngxi dōu zhǎng le, shēnghuó yuèláiyuè bù róngyì.",最近は物価がみんな上がって、生活がどんどん苦しくなっています。,3,不 都 越来越 容易 生活 涨
